2023-06-23 17:51:00.290613	IRLI540N		0		0.00		3571.380		0.007021		508665.1250
2023-06-23 17:51:00.322911	IRLI540N		10		12.21		3572.047		0.011234		317975.0312
2023-06-23 17:51:00.531715	IRLI540N		20		24.42		3572.114		0.005617		635962.0625
2023-06-23 17:51:00.736662	IRLI540N		30		36.63		3571.113		0.001404		2543135.2500
2023-06-23 17:51:00.933154	IRLI540N		40		48.84		3571.780		0.000000		inf
2023-06-23 17:51:01.138019	IRLI540N		50		61.05		3571.580		0.000000		inf
2023-06-23 17:51:01.354957	IRLI540N		60		73.26		3571.046		0.002808		1271543.8750
2023-06-23 17:51:01.551704	IRLI540N		70		85.47		3571.713		0.000000		inf
2023-06-23 17:51:01.764756	IRLI540N		80		97.68		3571.180		0.001404		2543182.7500
2023-06-23 17:51:01.973460	IRLI540N		90		109.89		3571.513		0.001404		2543420.2500
2023-06-23 17:51:02.178362	IRLI540N		100		122.10		3571.047		0.004213		847696.1250
2023-06-23 17:51:02.387175	IRLI540N		110		134.31		3571.580		0.001404		2543467.5000
2023-06-23 17:51:02.591991	IRLI540N		120		146.52		3571.713		0.001404		2543562.5000
2023-06-23 17:51:02.788743	IRLI540N		130		158.73		3571.180		0.000000		ovf
2023-06-23 17:51:03.005682	IRLI540N		140		170.94		3571.513		0.002808		1271710.0000
2023-06-23 17:51:03.210429	IRLI540N		150		183.15		3571.581		0.011234		317933.5312
2023-06-23 17:51:03.415244	IRLI540N		160		195.36		3570.914		0.005617		635748.3125
2023-06-23 17:51:03.624152	IRLI540N		170		207.57		3570.980		0.004213		847680.1250
2023-06-23 17:51:03.828931	IRLI540N		180		219.78		3570.713		0.004213		847616.8125
2023-06-23 17:51:04.037773	IRLI540N		190		231.99		3570.980		0.002808		1271520.1250
2023-06-23 17:51:04.242636	IRLI540N		200		244.20		3571.180		0.004213		847727.6875
2023-06-23 17:51:04.451464	IRLI540N		210		256.41		3571.847		0.002808		1271828.8750
2023-06-23 17:51:04.656227	IRLI540N		220		268.62		3570.714		0.007021		508570.2500
2023-06-23 17:51:04.861010	IRLI540N		230		280.83		3570.713		0.001404		2542850.2500
2023-06-23 17:51:05.069797	IRLI540N		240		293.04		3570.913		0.008425		423832.0937
2023-06-23 17:51:05.274702	IRLI540N		250		305.25		3570.780		0.005617		635724.5000
2023-06-23 17:51:05.483557	IRLI540N		260		317.46		3570.713		0.001404		2542850.5000
2023-06-23 17:51:05.688278	IRLI540N		270		329.67		3570.381		0.002808		1271306.7500
2023-06-23 17:51:05.893217	IRLI540N		280		341.88		3570.580		0.004213		847585.3125
2023-06-23 17:51:06.089879	IRLI540N		290		354.09		3571.580		0.000000		inf
2023-06-23 17:51:06.306809	IRLI540N		300		366.30		3570.380		0.002808		1271306.6250
2023-06-23 17:51:06.511716	IRLI540N		310		378.51		3570.980		0.002808		1271520.2500
2023-06-23 17:51:06.720515	IRLI540N		320		390.72		3570.647		0.001404		2542803.0000
2023-06-23 17:51:06.925338	IRLI540N		330		402.93		3570.713		0.001404		2542850.2500
2023-06-23 17:51:07.130189	IRLI540N		340		415.14		3570.313		0.001404		2542565.7500
2023-06-23 17:51:07.339011	IRLI540N		350		427.35		3569.913		0.002808		1271140.3750
2023-06-23 17:51:07.543805	IRLI540N		360		439.56		3569.913		0.004213		847426.9375
2023-06-23 17:51:07.752604	IRLI540N		370		451.77		3570.180		0.002808		1271235.3750
2023-06-23 17:51:07.957515	IRLI540N		380		463.98		3570.580		0.001404		2542755.7500
2023-06-23 17:51:08.162312	IRLI540N		390		476.19		3570.646		0.001404		2542802.7500
2023-06-23 17:51:08.371050	IRLI540N		400		488.40		3569.447		0.001404		2541948.5000
2023-06-23 17:51:08.575864	IRLI540N		410		500.61		3571.179		0.002808		1271591.1250
2023-06-23 17:51:08.780763	IRLI540N		420		512.82		3570.579		0.004213		847585.0625
2023-06-23 17:51:08.989639	IRLI540N		430		525.03		3569.847		0.001404		2542233.5000
2023-06-23 17:51:09.186222	IRLI540N		440		537.24		3569.913		0.000000		inf
2023-06-23 17:51:09.399245	IRLI540N		450		549.45		3569.847		0.005617		635558.4375
2023-06-23 17:51:09.595870	IRLI540N		460		561.66		3570.180		0.000000		inf
2023-06-23 17:51:09.812766	IRLI540N		470		573.87		3570.246		0.004213		847506.0625
2023-06-23 17:51:10.017676	IRLI540N		480		586.08		3570.314		0.004213		847522.0625
2023-06-23 17:51:10.226521	IRLI540N		490		598.29		3570.181		0.001404		2542471.2500
2023-06-23 17:51:10.431309	IRLI540N		500		610.50		3569.380		0.001404		2541901.2500
2023-06-23 17:51:10.627928	IRLI540N		510		622.71		3569.380		0.000000		inf
2023-06-23 17:51:10.844857	IRLI540N		520		634.92		3569.313		0.001404		2541853.2500
2023-06-23 17:51:11.049837	IRLI540N		530		647.13		3570.046		0.002808		1271187.7500
2023-06-23 17:51:11.246429	IRLI540N		540		659.34		3570.846		0.000000		ovf
2023-06-23 17:51:11.451196	IRLI540N		550		671.55		3570.780		0.000000		inf
2023-06-23 17:51:11.668203	IRLI540N		560		683.76		3570.247		0.002808		1271259.3750
2023-06-23 17:51:11.864806	IRLI540N		570		695.97		3569.713		0.000000		inf
2023-06-23 17:51:12.077857	IRLI540N		580		708.18		3569.314		0.001404		2541854.0000
2023-06-23 17:51:12.286712	IRLI540N		590		720.39		3570.447		0.005617		635665.2500
2023-06-23 17:51:12.491438	IRLI540N		600		732.60		3570.313		0.008425		423760.9687
2023-06-23 17:51:12.700271	IRLI540N		610		744.81		3570.247		0.002808		1271259.1250
2023-06-23 17:51:12.905225	IRLI540N		620		757.02		3569.780		0.001404		2542186.0000
2023-06-23 17:51:13.109984	IRLI540N		630		769.23		3570.246		0.002808		1271258.8750
2023-06-23 17:51:13.318770	IRLI540N		640		781.44		3569.447		0.001404		2541949.0000
2023-06-23 17:51:13.523734	IRLI540N		650		793.65		3569.780		0.001404		2542186.0000
2023-06-23 17:51:13.728500	IRLI540N		660		805.86		3569.513		0.001404		2541996.0000
2023-06-23 17:51:13.929059	IRLI540N		670		818.07		3569.513		0.000000		inf
2023-06-23 17:51:14.134107	IRLI540N		680		830.28		3568.646		0.000000		inf
2023-06-23 17:51:14.346895	IRLI540N		690		842.49		3569.846		0.007021		508446.6250
2023-06-23 17:51:14.555682	IRLI540N		700		854.70		3569.513		0.001404		2541996.0000
2023-06-23 17:51:14.760543	IRLI540N		710		866.91		3569.380		0.001404		2541900.7500
2023-06-23 17:51:14.965415	IRLI540N		720		879.12		3570.579		0.001404		2542755.2500
2023-06-23 17:51:15.170137	IRLI540N		730		891.33		3569.913		0.005617		635570.1875
2023-06-23 17:51:15.379015	IRLI540N		740		903.54		3568.979		0.004213		847205.3125
2023-06-23 17:51:15.583797	IRLI540N		750		915.75		3570.180		0.005617		635617.7500
2023-06-23 17:51:15.792741	IRLI540N		760		927.96		3569.248		0.001404		2541806.5000
2023-06-23 17:51:15.997592	IRLI540N		770		940.17		3569.113		0.001404		2541711.0000
2023-06-23 17:51:16.206307	IRLI540N		780		952.38		3569.646		0.001404		2542091.2500
2023-06-23 17:51:16.411279	IRLI540N		790		964.59		3570.046		0.001404		2542375.5000
2023-06-23 17:51:16.616049	IRLI540N		800		976.80		3570.180		0.004213		847490.3125
2023-06-23 17:51:16.824863	IRLI540N		810		989.01		3569.713		0.005617		635534.5625
2023-06-23 17:51:17.033685	IRLI540N		820		1001.22		3568.780		0.002808		1270736.8750
2023-06-23 17:51:17.238454	IRLI540N		830		1013.43		3569.114		0.001404		2541711.2500
2023-06-23 17:51:17.435215	IRLI540N		840		1025.64		3569.180		0.000000		ovf
2023-06-23 17:51:17.652145	IRLI540N		850		1037.85		3568.980		0.001404		2541616.0000
2023-06-23 17:51:17.856884	IRLI540N		860		1050.06		3569.381		0.005617		635475.3750
2023-06-23 17:51:18.061815	IRLI540N		870		1062.27		3569.446		0.004213		847316.1250
2023-06-23 17:51:18.270641	IRLI540N		880		1074.48		3569.846		0.004213		847411.0625
2023-06-23 17:51:18.475444	IRLI540N		890		1086.69		3568.647		0.002808		1270689.6250
2023-06-23 17:51:18.684246	IRLI540N		900		1098.90		3568.380		0.002808		1270594.5000
2023-06-23 17:51:18.889118	IRLI540N		910		1111.11		3568.780		0.005617		635368.4375
2023-06-23 17:51:19.093872	IRLI540N		920		1123.32		3568.979		0.005617		635403.9375
2023-06-23 17:51:19.302718	IRLI540N		930		1135.53		3568.713		0.004213		847142.0625
2023-06-23 17:51:19.507613	IRLI540N		940		1147.74		3568.581		0.004213		847110.6250
2023-06-23 17:51:19.712428	IRLI540N		950		1159.95		3568.380		0.004213		847063.0625
2023-06-23 17:51:19.913082	IRLI540N		960		1172.16		3568.447		0.000000		inf
2023-06-23 17:51:20.126112	IRLI540N		970		1184.37		3568.580		0.004213		847110.4375
2023-06-23 17:51:20.330850	IRLI540N		980		1196.58		3567.846		0.004213		846936.3125
2023-06-23 17:51:20.539683	IRLI540N		990		1208.79		3568.247		0.004213		847031.3125
2023-06-23 17:51:20.748550	IRLI540N		1000		1221.00		3567.313		0.001404		2540429.0000
2023-06-23 17:51:20.953468	IRLI540N		1010		1233.21		3567.513		0.005617		635142.8750
2023-06-23 17:51:21.158235	IRLI540N		1020		1245.42		3566.913		0.004213		846714.8750
2023-06-23 17:51:21.367078	IRLI540N		1030		1257.63		3566.580		0.002808		1269953.5000
2023-06-23 17:51:21.563691	IRLI540N		1040		1269.84		3565.780		0.000000		inf
2023-06-23 17:51:21.768449	IRLI540N		1050		1282.05		3565.247		0.000000		inf
2023-06-23 17:51:21.985513	IRLI540N		1060		1294.26		3564.514		0.001404		2538435.7500
2023-06-23 17:51:22.190241	IRLI540N		1070		1306.47		3564.646		0.008425		423088.3437
2023-06-23 17:51:22.395191	IRLI540N		1080		1318.68		3563.180		0.001404		2537485.5000
2023-06-23 17:51:22.604058	IRLI540N		1090		1330.89		3561.380		0.002808		1268101.8750
2023-06-23 17:51:22.808825	IRLI540N		1100		1343.10		3561.246		0.002808		1268054.3750
2023-06-23 17:51:23.017641	IRLI540N		1110		1355.31		3559.313		0.001404		2534732.7500
2023-06-23 17:51:23.222458	IRLI540N		1120		1367.52		3557.914		0.007021		506747.0937
2023-06-23 17:51:23.427282	IRLI540N		1130		1379.73		3556.713		0.008425		422146.7500
2023-06-23 17:51:23.636098	IRLI540N		1140		1391.94		3554.380		0.007021		506243.8125
2023-06-23 17:51:23.841024	IRLI540N		1150		1404.15		3551.914		0.001404		2529462.5000
2023-06-23 17:51:24.049824	IRLI540N		1160		1416.36		3549.714		0.012638		280877.2812
2023-06-23 17:51:24.254620	IRLI540N		1170		1428.57		3546.448		0.016851		210464.1562
2023-06-23 17:51:24.459440	IRLI540N		1180		1440.78		3543.715		0.015446		229420.3125
2023-06-23 17:51:24.668360	IRLI540N		1190		1452.99		3540.114		0.002808		1260529.7500
2023-06-23 17:51:24.873134	IRLI540N		1200		1465.20		3536.448		0.009830		359778.4062
2023-06-23 17:51:25.081972	IRLI540N		1210		1477.41		3531.983		0.023872		147956.9843
2023-06-23 17:51:25.286879	IRLI540N		1220		1489.62		3527.849		0.028084		125616.2578
2023-06-23 17:51:25.495690	IRLI540N		1230		1501.83		3523.850		0.025276		139415.4062
2023-06-23 17:51:25.700429	IRLI540N		1240		1514.04		3518.718		0.044935		78306.9765
2023-06-23 17:51:25.909214	IRLI540N		1250		1526.25		3513.586		0.050552		69504.6953
2023-06-23 17:51:26.118078	IRLI540N		1260		1538.46		3507.853		0.060381		58095.0312
2023-06-23 17:51:26.323160	IRLI540N		1270		1550.67		3501.921		0.071615		48899.2656
2023-06-23 17:51:26.531954	IRLI540N		1280		1562.88		3495.856		0.078636		44456.1328
2023-06-23 17:51:26.740832	IRLI540N		1290		1575.09		3489.925		0.099699		35004.4921
2023-06-23 17:51:26.949691	IRLI540N		1300		1587.30		3483.527		0.122167		28514.5117
2023-06-23 17:51:27.158541	IRLI540N		1310		1599.51		3476.130		0.141826		24509.8554
2023-06-23 17:51:27.367380	IRLI540N		1320		1611.72		3469.066		0.172719		20085.0781
2023-06-23 17:51:27.576300	IRLI540N		1330		1623.93		3460.404		0.203611		16995.1406
2023-06-23 17:51:27.785171	IRLI540N		1340		1636.14		3451.876		0.256972		13432.9062
2023-06-23 17:51:27.994041	IRLI540N		1350		1648.35		3442.483		0.310332		11092.9160
2023-06-23 17:51:28.198856	IRLI540N		1360		1660.56		3431.956		0.370713		9257.7148
2023-06-23 17:51:28.407895	IRLI540N		1370		1672.77		3422.367		0.450754		7592.5439
2023-06-23 17:51:28.616597	IRLI540N		1380		1684.98		3410.844		0.532198		6408.9741
2023-06-23 17:51:28.825615	IRLI540N		1390		1697.19		3398.191		0.658577		5159.8969
2023-06-23 17:51:29.034428	IRLI540N		1400		1709.40		3383.873		0.790574		4280.2719
2023-06-23 17:51:29.243314	IRLI540N		1410		1721.61		3368.359		0.953463		3532.7631
2023-06-23 17:51:29.452166	IRLI540N		1420		1733.82		3351.582		1.144437		2928.5852
2023-06-23 17:51:29.661018	IRLI540N		1430		1746.03		3332.809		1.359281		2451.8906
2023-06-23 17:51:29.869875	IRLI540N		1440		1758.24		3311.707		1.631700		2029.6049
2023-06-23 17:51:30.074821	IRLI540N		1450		1770.45		3287.479		1.957479		1679.4451
2023-06-23 17:51:30.283710	IRLI540N		1460		1782.66		3260.324		2.338021		1394.4799
2023-06-23 17:51:30.492550	IRLI540N		1470		1794.87		3229.644		2.785967		1159.2542
2023-06-23 17:51:30.701372	IRLI540N		1480		1807.08		3193.843		3.342035		955.6580
2023-06-23 17:51:30.910242	IRLI540N		1490		1819.29		3152.320		3.997806		788.5126
2023-06-23 17:51:31.119092	IRLI540N		1500		1831.50		3104.215		4.791189		647.9009
2023-06-23 17:51:31.324075	IRLI540N		1510		1843.71		3047.859		5.722180		532.6394
2023-06-23 17:51:31.532853	IRLI540N		1520		1855.92		2983.792		6.839943		436.2305
2023-06-23 17:51:31.741740	IRLI540N		1530		1868.13		2909.480		8.152885		356.8652
2023-06-23 17:51:31.950693	IRLI540N		1540		1880.34		2825.663		9.687690		291.6756
2023-06-23 17:51:32.159504	IRLI540N		1550		1892.55		2728.208		11.485090		237.5435
2023-06-23 17:51:32.368397	IRLI540N		1560		1904.76		2616.324		13.578778		192.6774
2023-06-23 17:51:32.577356	IRLI540N		1570		1916.97		2486.482		16.034744		155.0684
2023-06-23 17:51:32.786186	IRLI540N		1580		1929.18		2340.750		18.855825		124.1394
2023-06-23 17:51:32.994989	IRLI540N		1590		1941.39		2172.544		22.172594		97.9833
2023-06-23 17:51:33.199859	IRLI540N		1600		1953.60		1980.133		26.018733		76.1041
2023-06-23 17:51:33.408882	IRLI540N		1610		1965.81		1760.988		30.405494		57.9168
2023-06-23 17:51:33.617727	IRLI540N		1620		1978.02		1512.186		35.450851		42.6558
2023-06-23 17:51:33.826568	IRLI540N		1630		1990.23		1231.464		41.180061		29.9044
2023-06-23 17:51:34.035396	IRLI540N		1640		2002.44		914.641		47.718101		19.1676
2023-06-23 17:51:34.244230	IRLI540N		1650		2014.65		558.051		55.098659		10.1282
2023-06-23 17:51:34.449092	IRLI540N		1660		2026.86		215.831		62.241909		3.4676
2023-06-23 17:51:34.657917	IRLI540N		1670		2039.07		111.771		64.518165		1.7324
2023-06-23 17:51:34.866948	IRLI540N		1680		2051.28		82.586		65.196365		1.2667
2023-06-23 17:51:35.075714	IRLI540N		1690		2063.49		67.232		65.590950		1.0250
2023-06-23 17:51:35.284585	IRLI540N		1700		2075.70		58.731		65.870399		0.8916
2023-06-23 17:51:35.489412	IRLI540N		1710		2087.91		51.287		66.062751		0.7763
2023-06-23 17:51:35.698207	IRLI540N		1720		2100.12		45.973		66.228485		0.6942
2023-06-23 17:51:35.907248	IRLI540N		1730		2112.33		42.789		66.364677		0.6448
2023-06-23 17:51:36.116072	IRLI540N		1740		2124.54		39.137		66.478408		0.5887
2023-06-23 17:51:36.324907	IRLI540N		1750		2136.75		35.882		66.575325		0.5390
2023-06-23 17:51:36.529747	IRLI540N		1760		2148.96		35.292		66.656784		0.5295
2023-06-23 17:51:36.738608	IRLI540N		1770		2161.17		35.303		66.753654		0.5288
2023-06-23 17:51:36.947574	IRLI540N		1780		2173.38		35.312		66.830879		0.5284
2023-06-23 17:51:37.156341	IRLI540N		1790		2185.59		35.319		66.889846		0.5280
2023-06-23 17:51:37.361244	IRLI540N		1800		2197.80		35.327		66.947425		0.5277
2023-06-23 17:51:37.570031	IRLI540N		1810		2210.01		35.334		67.009231		0.5273
2023-06-23 17:51:37.778855	IRLI540N		1820		2222.22		35.340		67.059799		0.5270
2023-06-23 17:51:37.983809	IRLI540N		1830		2234.43		35.346		67.113151		0.5267
2023-06-23 17:51:38.192676	IRLI540N		1840		2246.64		35.350		67.142623		0.5265
2023-06-23 17:51:38.401499	IRLI540N		1850		2258.85		35.355		67.198791		0.5261
2023-06-23 17:51:38.610300	IRLI540N		1860		2271.06		35.361		67.243705		0.5259
2023-06-23 17:51:38.815040	IRLI540N		1870		2283.27		35.366		67.284439		0.5256
2023-06-23 17:51:39.024084	IRLI540N		1880		2295.48		35.371		67.320945		0.5254
2023-06-23 17:51:39.232871	IRLI540N		1890		2307.69		35.374		67.351829		0.5252
2023-06-23 17:51:39.437679	IRLI540N		1900		2319.90		35.378		67.375717		0.5251
2023-06-23 17:51:39.646553	IRLI540N		1910		2332.11		35.383		67.416450		0.5248
2023-06-23 17:51:39.855470	IRLI540N		1920		2344.32		35.384		67.433303		0.5247
2023-06-23 17:51:40.064423	IRLI540N		1930		2356.53		35.388		67.472640		0.5245
2023-06-23 17:51:40.269237	IRLI540N		1940		2368.74		35.391		67.506347		0.5243
2023-06-23 17:51:40.478074	IRLI540N		1950		2380.95		35.394		67.520370		0.5242
2023-06-23 17:51:40.686824	IRLI540N		1960		2393.16		35.397		67.551261		0.5240
2023-06-23 17:51:40.891805	IRLI540N		1970		2405.37		35.400		67.572326		0.5239
2023-06-23 17:51:41.100680	IRLI540N		1980		2417.58		35.403		67.598999		0.5237
2023-06-23 17:51:41.309480	IRLI540N		1990		2429.79		35.406		67.635490		0.5235
2023-06-23 17:51:41.514482	IRLI540N		2000		2442.00		35.410		67.652343		0.5234
2023-06-23 17:51:41.723179	IRLI540N		2010		2454.21		35.412		67.669204		0.5233
2023-06-23 17:51:41.932058	IRLI540N		2020		2466.42		35.415		67.693046		0.5232
2023-06-23 17:51:42.136956	IRLI540N		2030		2478.63		35.416		67.712722		0.5230
2023-06-23 17:51:42.345793	IRLI540N		2040		2490.84		35.418		67.737998		0.5229
2023-06-23 17:51:42.554685	IRLI540N		2050		2503.05		35.423		67.752037		0.5228
2023-06-23 17:51:42.763456	IRLI540N		2060		2515.26		35.424		67.768882		0.5227
2023-06-23 17:51:42.968415	IRLI540N		2070		2527.47		35.428		67.804000		0.5225
2023-06-23 17:51:43.177236	IRLI540N		2080		2539.68		35.429		67.826492		0.5224
2023-06-23 17:51:43.386067	IRLI540N		2090		2551.89		35.433		67.841926		0.5223
2023-06-23 17:51:43.590940	IRLI540N		2100		2564.10		35.434		67.854576		0.5222
2023-06-23 17:51:43.799722	IRLI540N		2110		2576.31		35.437		67.875633		0.5221
2023-06-23 17:51:44.008559	IRLI540N		2120		2588.52		35.440		67.902328		0.5219
2023-06-23 17:51:44.213510	IRLI540N		2130		2600.73		35.441		67.919174		0.5218
2023-06-23 17:51:44.422367	IRLI540N		2140		2612.94		35.442		67.931816		0.5217
2023-06-23 17:51:44.631293	IRLI540N		2150		2625.15		35.446		67.951454		0.5216
2023-06-23 17:51:44.836129	IRLI540N		2160		2637.36		35.448		67.965515		0.5216
2023-06-23 17:51:45.044959	IRLI540N		2170		2649.57		35.449		67.990768		0.5214
2023-06-23 17:51:45.253798	IRLI540N		2180		2661.78		35.451		68.006210		0.5213
2023-06-23 17:51:45.462622	IRLI540N		2190		2673.99		35.453		68.018852		0.5212
2023-06-23 17:51:45.667442	IRLI540N		2200		2686.20		35.455		68.038497		0.5211
2023-06-23 17:51:45.876297	IRLI540N		2210		2698.41		35.456		68.044113		0.5211
2023-06-23 17:51:46.085204	IRLI540N		2220		2710.62		35.460		68.070785		0.5209
2023-06-23 17:51:46.290047	IRLI540N		2230		2722.83		35.460		68.087638		0.5208
2023-06-23 17:51:46.498904	IRLI540N		2240		2735.04		35.464		68.105895		0.5207
2023-06-23 17:51:46.707734	IRLI540N		2250		2747.25		35.466		68.121353		0.5206
2023-06-23 17:51:46.916582	IRLI540N		2260		2759.46		35.467		68.140998		0.5205
2023-06-23 17:51:47.121513	IRLI540N		2270		2771.67		35.470		68.145217		0.5205
2023-06-23 17:51:47.330355	IRLI540N		2280		2783.88		35.471		68.171897		0.5203
2023-06-23 17:51:47.539186	IRLI540N		2290		2796.09		35.472		68.184524		0.5202
2023-06-23 17:51:47.743934	IRLI540N		2300		2808.30		35.476		68.207000		0.5201
2023-06-23 17:51:47.952987	IRLI540N		2310		2820.51		35.476		68.215423		0.5201
2023-06-23 17:51:48.161782	IRLI540N		2320		2832.72		35.478		68.219642		0.5200
2023-06-23 17:51:48.366592	IRLI540N		2330		2844.93		35.480		68.247734		0.5199
2023-06-23 17:51:48.575501	IRLI540N		2340		2857.14		35.481		68.251960		0.5199
2023-06-23 17:51:48.784275	IRLI540N		2350		2869.35		35.484		68.275833		0.5197
2023-06-23 17:51:48.989201	IRLI540N		2360		2881.56		35.485		68.278633		0.5197
2023-06-23 17:51:49.197965	IRLI540N		2370		2893.77		35.487		68.308143		0.5195
2023-06-23 17:51:49.406881	IRLI540N		2380		2905.98		35.488		68.323593		0.5194
2023-06-23 17:51:49.615674	IRLI540N		2390		2918.19		35.491		68.337646		0.5194
2023-06-23 17:51:49.820645	IRLI540N		2400		2930.40		35.492		68.346061		0.5193
2023-06-23 17:51:50.029485	IRLI540N		2410		2942.61		35.494		68.367134		0.5192
2023-06-23 17:51:50.238311	IRLI540N		2420		2954.82		35.496		68.378349		0.5191
2023-06-23 17:51:50.443065	IRLI540N		2430		2967.03		35.497		68.399398		0.5190
2023-06-23 17:51:50.652168	IRLI540N		2440		2979.24		35.499		68.410636		0.5189
2023-06-23 17:51:50.860849	IRLI540N		2450		2991.45		35.500		68.410629		0.5189
2023-06-23 17:51:51.065710	IRLI540N		2460		3003.66		35.502		68.435905		0.5188
2023-06-23 17:51:51.274617	IRLI540N		2470		3015.87		35.503		68.433090		0.5188
2023-06-23 17:51:51.483475	IRLI540N		2480		3028.08		35.505		68.458381		0.5186
2023-06-23 17:51:51.692207	IRLI540N		2490		3040.29		35.506		68.469589		0.5186
2023-06-23 17:51:51.897234	IRLI540N		2500		3052.50		35.507		68.478027		0.5185
2023-06-23 17:51:52.106022	IRLI540N		2510		3064.71		35.508		68.483634		0.5185
2023-06-23 17:51:52.314841	IRLI540N		2520		3076.92		35.509		68.494865		0.5184
2023-06-23 17:51:52.519659	IRLI540N		2530		3089.13		35.512		68.503311		0.5184
2023-06-23 17:51:52.728589	IRLI540N		2540		3101.34		35.514		68.525756		0.5183
2023-06-23 17:51:52.937540	IRLI540N		2550		3113.55		35.515		68.539802		0.5182
2023-06-23 17:51:53.146380	IRLI540N		2560		3125.76		35.516		68.549636		0.5181
2023-06-23 17:51:53.351164	IRLI540N		2570		3137.97		35.517		68.559455		0.5180
2023-06-23 17:51:53.559963	IRLI540N		2580		3150.18		35.520		68.562255		0.5181
2023-06-23 17:51:53.768970	IRLI540N		2590		3162.39		35.520		68.586143		0.5179
2023-06-23 17:51:53.973809	IRLI540N		2600		3174.60		35.521		68.590347		0.5179
2023-06-23 17:51:54.182660	IRLI540N		2610		3186.81		35.523		68.614227		0.5177
2023-06-23 17:51:54.391419	IRLI540N		2620		3199.02		35.523		68.611412		0.5177
2023-06-23 17:51:54.596296	IRLI540N		2630		3211.23		35.525		68.628265		0.5176
2023-06-23 17:51:54.805263	IRLI540N		2640		3223.44		35.527		68.632476		0.5176
2023-06-23 17:51:55.014073	IRLI540N		2650		3235.65		35.527		68.650741		0.5175
2023-06-23 17:51:55.222887	IRLI540N		2660		3247.86		35.529		68.663383		0.5174
2023-06-23 17:51:55.427728	IRLI540N		2670		3260.07		35.530		68.654953		0.5175
2023-06-23 17:51:55.636582	IRLI540N		2680		3272.28		35.532		68.677436		0.5174
2023-06-23 17:51:55.845417	IRLI540N		2690		3284.49		35.532		68.685859		0.5173
2023-06-23 17:51:56.050283	IRLI540N		2700		3296.70		35.533		68.695693		0.5173
2023-06-23 17:51:56.259187	IRLI540N		2710		3308.91		35.533		68.698501		0.5172
2023-06-23 17:51:56.468009	IRLI540N		2720		3321.12		35.535		68.726593		0.5170
2023-06-23 17:51:56.672978	IRLI540N		2730		3333.33		35.537		68.723777		0.5171
2023-06-23 17:51:56.881820	IRLI540N		2740		3345.54		35.538		68.736434		0.5170
2023-06-23 17:51:57.090661	IRLI540N		2750		3357.75		35.540		68.746253		0.5170
2023-06-23 17:51:57.295450	IRLI540N		2760		3369.96		35.538		68.746253		0.5169
2023-06-23 17:51:57.504272	IRLI540N		2770		3382.17		35.541		68.751869		0.5169
2023-06-23 17:51:57.713140	IRLI540N		2780		3394.38		35.540		68.763107		0.5168
2023-06-23 17:51:57.922090	IRLI540N		2790		3406.59		35.543		68.760307		0.5169
2023-06-23 17:51:58.126930	IRLI540N		2800		3418.80		35.543		68.781372		0.5168
2023-06-23 17:51:58.335726	IRLI540N		2810		3431.01		35.544		68.786979		0.5167
2023-06-23 17:51:58.544512	IRLI540N		2820		3443.22		35.546		68.791183		0.5167
2023-06-23 17:51:58.749450	IRLI540N		2830		3455.43		35.543		68.792594		0.5167
2023-06-23 17:51:58.958400	IRLI540N		2840		3467.64		35.547		68.806640		0.5166
2023-06-23 17:51:59.167197	IRLI540N		2850		3479.85		35.545		68.793991		0.5167
2023-06-23 17:51:59.372007	IRLI540N		2860		3492.06		35.548		68.808029		0.5166
2023-06-23 17:51:59.580851	IRLI540N		2870		3504.27		35.549		68.812240		0.5166
2023-06-23 17:51:59.789784	IRLI540N		2880		3516.48		35.548		68.822067		0.5165
2023-06-23 17:51:59.998593	IRLI540N		2890		3528.69		35.549		68.830497		0.5165
2023-06-23 17:52:00.203407	IRLI540N		2900		3540.90		35.549		68.834709		0.5164
2023-06-23 17:52:00.412244	IRLI540N		2910		3553.11		35.550		68.833297		0.5165
2023-06-23 17:52:00.621088	IRLI540N		2920		3565.32		35.551		68.838920		0.5164
2023-06-23 17:52:00.826094	IRLI540N		2930		3577.53		35.551		68.836112		0.5165
2023-06-23 17:52:01.034949	IRLI540N		2940		3589.74		35.553		68.859985		0.5163
2023-06-23 17:52:01.243673	IRLI540N		2950		3601.95		35.552		68.852981		0.5164
2023-06-23 17:52:01.448474	IRLI540N		2960		3614.16		35.553		68.862777		0.5163
2023-06-23 17:52:01.657705	IRLI540N		2970		3626.37		35.553		68.854377		0.5163
2023-06-23 17:52:01.866297	IRLI540N		2980		3638.58		35.554		68.868408		0.5163
2023-06-23 17:52:02.075144	IRLI540N		2990		3650.79		35.554		68.879638		0.5162
2023-06-23 17:52:02.279964	IRLI540N		3000		3663.00		35.555		68.875419		0.5162
2023-06-23 17:52:02.488868	IRLI540N		3010		3675.21		35.556		68.895088		0.5161
2023-06-23 17:52:02.697729	IRLI540N		3020		3687.42		35.557		68.896484		0.5161
2023-06-23 17:52:02.902647	IRLI540N		3030		3699.63		35.559		68.895072		0.5161
2023-06-23 17:52:03.111495	IRLI540N		3040		3711.84		35.558		68.906318		0.5160
2023-06-23 17:52:03.320324	IRLI540N		3050		3724.05		35.559		68.904907		0.5161
2023-06-23 17:52:03.529154	IRLI540N		3060		3736.26		35.561		68.937202		0.5159
2023-06-23 17:52:03.734100	IRLI540N		3070		3748.47		35.561		68.930175		0.5159
2023-06-23 17:52:03.942938	IRLI540N		3080		3760.68		35.563		68.954055		0.5157
2023-06-23 17:52:04.151760	IRLI540N		3090		3772.89		35.563		68.947029		0.5158
2023-06-23 17:52:04.356723	IRLI540N		3100		3785.10		35.564		68.949836		0.5158
2023-06-23 17:52:04.565411	IRLI540N		3110		3797.31		35.564		68.962471		0.5157
2023-06-23 17:52:04.774233	IRLI540N		3120		3809.52		35.565		68.959648		0.5157
2023-06-23 17:52:04.979182	IRLI540N		3130		3821.73		35.566		68.965286		0.5157
2023-06-23 17:52:05.188032	IRLI540N		3140		3833.94		35.567		68.963882		0.5157
2023-06-23 17:52:05.396839	IRLI540N		3150		3846.15		35.567		68.976509		0.5156
2023-06-23 17:52:05.605735	IRLI540N		3160		3858.36		35.568		68.982124		0.5156
2023-06-23 17:52:05.810652	IRLI540N		3170		3870.57		35.568		68.976509		0.5157
2023-06-23 17:52:06.019500	IRLI540N		3180		3882.78		35.569		68.987739		0.5156
2023-06-23 17:52:06.228344	IRLI540N		3190		3894.99		35.568		68.987739		0.5156
2023-06-23 17:52:06.433129	IRLI540N		3200		3907.20		35.569		68.996162		0.5155
2023-06-23 17:52:06.641926	IRLI540N		3210		3919.41		35.569		68.991958		0.5156
2023-06-23 17:52:06.850926	IRLI540N		3220		3931.62		35.569		69.000381		0.5155
2023-06-23 17:52:07.055764	IRLI540N		3230		3943.83		35.570		68.998977		0.5155
2023-06-23 17:52:07.264615	IRLI540N		3240		3956.04		35.571		69.011619		0.5154
2023-06-23 17:52:07.473567	IRLI540N		3250		3968.25		35.571		69.010208		0.5154
2023-06-23 17:52:07.682270	IRLI540N		3260		3980.46		35.570		69.001785		0.5155
2023-06-23 17:52:07.887107	IRLI540N		3270		3992.67		35.571		69.021438		0.5154
2023-06-23 17:52:08.096071	IRLI540N		3280		4004.88		35.571		69.014419		0.5154
2023-06-23 17:52:08.304882	IRLI540N		3290		4017.09		35.571		69.013023		0.5154
2023-06-23 17:52:08.509687	IRLI540N		3300		4029.30		35.572		69.018646		0.5154
2023-06-23 17:52:08.718626	IRLI540N		3310		4041.51		35.571		69.027061		0.5153
2023-06-23 17:52:08.927479	IRLI540N		3320		4053.72		35.572		69.021446		0.5154
2023-06-23 17:52:09.132318	IRLI540N		3330		4065.93		35.573		69.028465		0.5153
2023-06-23 17:52:09.341156	IRLI540N		3340		4078.14		35.575		69.039695		0.5153
2023-06-23 17:52:09.550000	IRLI540N		3350		4090.35		35.573		69.035476		0.5153
2023-06-23 17:52:09.758808	IRLI540N		3360		4102.56		35.574		69.032684		0.5153
2023-06-23 17:52:09.963752	IRLI540N		3370		4114.77		35.576		69.045310		0.5153
2023-06-23 17:52:10.172616	IRLI540N		3380		4126.98		35.576		69.060768		0.5151
2023-06-23 17:52:10.381419	IRLI540N		3390		4139.19		35.576		69.059364		0.5152
2023-06-23 17:52:10.586394	IRLI540N		3400		4151.40		35.578		69.072013		0.5151
2023-06-23 17:52:10.795241	IRLI540N		3410		4163.61		35.578		69.077621		0.5150
2023-06-23 17:52:11.004061	IRLI540N		3420		4175.82		35.579		69.081825		0.5150
2023-06-23 17:52:11.208848	IRLI540N		3430		4188.03		35.580		69.088859		0.5150
2023-06-23 17:52:11.417721	IRLI540N		3440		4200.24		35.581		69.098686		0.5149
2023-06-23 17:52:11.626577	IRLI540N		3450		4212.45		35.580		69.086051		0.5150
2023-06-23 17:52:11.831465	IRLI540N		3460		4224.66		35.581		69.087448		0.5150
2023-06-23 17:52:12.040333	IRLI540N		3470		4236.87		35.581		69.093070		0.5150
2023-06-23 17:52:12.249172	IRLI540N		3480		4249.08		35.580		69.079025		0.5151
2023-06-23 17:52:12.457976	IRLI540N		3490		4261.29		35.581		69.104316		0.5149
2023-06-23 17:52:12.662906	IRLI540N		3500		4273.50		35.583		69.114143		0.5148
2023-06-23 17:52:12.871767	IRLI540N		3510		4285.71		35.583		69.109939		0.5149
2023-06-23 17:52:13.080593	IRLI540N		3520		4297.92		35.582		69.111335		0.5148
2023-06-23 17:52:13.285434	IRLI540N		3530		4310.13		35.583		69.111343		0.5149
2023-06-23 17:52:13.494371	IRLI540N		3540		4322.34		35.583		69.107131		0.5149
2023-06-23 17:52:13.703090	IRLI540N		3550		4334.55		35.584		69.105728		0.5149
2023-06-23 17:52:13.908058	IRLI540N		3560		4346.76		35.583		69.109931		0.5149
2023-06-23 17:52:14.116900	IRLI540N		3570		4358.97		35.584		69.125389		0.5148
2023-06-23 17:52:14.325688	IRLI540N		3580		4371.18		35.585		69.121170		0.5148
2023-06-23 17:52:14.530545	IRLI540N		3590		4383.39		35.583		69.114151		0.5148
2023-06-23 17:52:14.739482	IRLI540N		3600		4395.60		35.583		69.116958		0.5148
2023-06-23 17:52:14.948339	IRLI540N		3610		4407.81		35.583		69.123985		0.5148
2023-06-23 17:52:15.157162	IRLI540N		3620		4420.02		35.584		69.123985		0.5148
2023-06-23 17:52:15.361980	IRLI540N		3630		4432.23		35.583		69.122581		0.5148
2023-06-23 17:52:15.570927	IRLI540N		3640		4444.44		35.584		69.126800		0.5148
2023-06-23 17:52:15.779763	IRLI540N		3650		4456.65		35.584		69.129600		0.5147
2023-06-23 17:52:15.984594	IRLI540N		3660		4468.86		35.585		69.131004		0.5147
2023-06-23 17:52:16.193454	IRLI540N		3670		4481.07		35.586		69.147865		0.5146
2023-06-23 17:52:16.402260	IRLI540N		3680		4493.28		35.585		69.123985		0.5148
2023-06-23 17:52:16.607183	IRLI540N		3690		4505.49		35.587		69.140830		0.5147
2023-06-23 17:52:16.816034	IRLI540N		3700		4517.70		35.585		69.140830		0.5147
2023-06-23 17:52:17.024888	IRLI540N		3710		4529.91		35.586		69.135223		0.5147
2023-06-23 17:52:17.229678	IRLI540N		3720		4542.12		35.587		69.147865		0.5147
2023-06-23 17:52:17.438544	IRLI540N		3730		4554.33		35.588		69.152076		0.5146
2023-06-23 17:52:17.647477	IRLI540N		3740		4566.54		35.587		69.153480		0.5146
2023-06-23 17:52:17.856342	IRLI540N		3750		4578.75		35.589		69.159088		0.5146
2023-06-23 17:52:18.061283	IRLI540N		3760		4590.96		35.589		69.156288		0.5146
2023-06-23 17:52:18.269985	IRLI540N		3770		4603.17		35.590		69.171745		0.5145
2023-06-23 17:52:18.478840	IRLI540N		3780		4615.38		35.590		69.160507		0.5146
2023-06-23 17:52:18.683757	IRLI540N		3790		4627.59		35.590		69.164710		0.5146
2023-06-23 17:52:18.892585	IRLI540N		3800		4639.80		35.590		69.167518		0.5145
2023-06-23 17:52:19.101391	IRLI540N		3810		4652.01		35.592		69.189994		0.5144
2023-06-23 17:52:19.306246	IRLI540N		3820		4664.22		35.592		69.189987		0.5144
2023-06-23 17:52:19.515178	IRLI540N		3830		4676.43		35.591		69.182975		0.5145
2023-06-23 17:52:19.723972	IRLI540N		3840		4688.64		35.592		69.197021		0.5144
2023-06-23 17:52:19.932884	IRLI540N		3850		4700.85		35.593		69.185791		0.5145
2023-06-23 17:52:20.137714	IRLI540N		3860		4713.06		35.593		69.197013		0.5144
2023-06-23 17:52:20.346547	IRLI540N		3870		4725.27		35.595		69.215255		0.5143
2023-06-23 17:52:20.555312	IRLI540N		3880		4737.48		35.595		69.220863		0.5142
2023-06-23 17:52:20.760330	IRLI540N		3890		4749.69		35.597		69.226486		0.5142
2023-06-23 17:52:20.969073	IRLI540N		3900		4761.90		35.595		69.205444		0.5143
2023-06-23 17:52:21.178092	IRLI540N		3910		4774.11		35.596		69.229301		0.5142
2023-06-23 17:52:21.382869	IRLI540N		3920		4786.33		35.597		69.237739		0.5141
2023-06-23 17:52:21.591737	IRLI540N		3930		4798.54		35.597		69.232101		0.5142
2023-06-23 17:52:21.800622	IRLI540N		3940		4810.75		35.597		69.233497		0.5142
2023-06-23 17:52:22.009407	IRLI540N		3950		4822.95		35.597		69.230705		0.5142
2023-06-23 17:52:22.214258	IRLI540N		3960		4835.16		35.599		69.250358		0.5141
2023-06-23 17:52:22.423095	IRLI540N		3970		4847.37		35.597		69.239135		0.5141
2023-06-23 17:52:22.632033	IRLI540N		3980		4859.58		35.599		69.244743		0.5141
2023-06-23 17:52:22.836831	IRLI540N		3990		4871.79		35.599		69.244750		0.5141
2023-06-23 17:52:23.045719	IRLI540N		4000		4884.00		35.599		69.261581		0.5140
2023-06-23 17:52:23.254503	IRLI540N		4010		4896.21		35.600		69.257369		0.5140
2023-06-23 17:52:23.459424	IRLI540N		4020		4908.43		35.600		69.250358		0.5141
2023-06-23 17:52:23.668250	IRLI540N		4030		4920.64		35.601		69.270019		0.5139
2023-06-23 17:52:23.877101	IRLI540N		4040		4932.85		35.602		69.265792		0.5140
2023-06-23 17:52:24.085924	IRLI540N		4050		4945.06		35.603		69.279838		0.5139
2023-06-23 17:52:24.290768	IRLI540N		4060		4957.27		35.603		69.271430		0.5140
2023-06-23 17:52:24.499767	IRLI540N		4070		4969.47		35.604		69.284049		0.5139
2023-06-23 17:52:24.708605	IRLI540N		4080		4981.68		35.604		69.288261		0.5139
2023-06-23 17:52:24.913405	IRLI540N		4090		4993.89		35.603		69.278450		0.5139
