2023-10-16 02:48:11.610932	JV		1275		1556.78		567.24		-0.02		-0.01		0		0.00		38.98
2023-10-16 02:48:11.714404	JV		1280		1562.88		610.58		-0.01		-0.01		0		0.00		39.00
2023-10-16 02:48:11.956121	JV		1285		1568.99		630.78		-0.02		-0.01		0		0.00		39.03
2023-10-16 02:48:12.197760	JV		1290		1575.09		645.31		-0.01		-0.00		0		0.00		38.99
2023-10-16 02:48:12.439396	JV		1295		1581.20		657.11		-0.01		-0.00		0		0.00		39.00
2023-10-16 02:48:12.681040	JV		1300		1587.30		666.91		-0.00		-0.00		0		0.00		39.01
2023-10-16 02:48:12.922704	JV		1305		1593.41		675.51		0.01		0.01		1305		0.01		39.00
2023-10-16 02:48:13.164347	JV		1310		1599.51		681.98		0.00		0.00		1305		0.01		39.00
2023-10-16 02:48:13.406051	JV		1315		1605.62		688.38		0.00		0.00		1305		0.01		39.00
2023-10-16 02:48:13.643641	JV		1320		1611.72		693.58		0.01		0.00		1305		0.01		39.00
2023-10-16 02:48:13.885233	JV		1325		1617.83		698.45		0.02		0.01		1325		0.01		38.98
2023-10-16 02:48:14.126917	JV		1330		1623.93		702.52		0.02		0.02		1330		0.02		39.02
2023-10-16 02:48:14.372608	JV		1335		1630.04		706.18		0.03		0.02		1335		0.02		39.02
2023-10-16 02:48:14.614277	JV		1340		1636.14		709.45		0.04		0.03		1340		0.03		38.97
2023-10-16 02:48:14.855939	JV		1345		1642.25		712.65		0.05		0.04		1345		0.04		39.01
2023-10-16 02:48:15.097613	JV		1350		1648.35		715.39		0.06		0.04		1350		0.04		38.99
2023-10-16 02:48:15.339260	JV		1355		1654.46		718.46		0.07		0.05		1355		0.05		39.01
2023-10-16 02:48:15.585044	JV		1360		1660.56		720.86		0.07		0.05		1360		0.05		39.01
2023-10-16 02:48:15.826678	JV		1365		1666.67		722.99		0.08		0.06		1365		0.06		39.01
2023-10-16 02:48:16.068353	JV		1370		1672.77		724.06		0.08		0.06		1370		0.06		39.01
2023-10-16 02:48:16.314083	JV		1375		1678.88		727.26		0.11		0.08		1375		0.08		38.99
2023-10-16 02:48:16.555758	JV		1380		1684.98		727.93		0.12		0.09		1380		0.09		39.00
2023-10-16 02:48:16.801457	JV		1385		1691.09		730.53		0.15		0.11		1385		0.11		39.01
2023-10-16 02:48:17.043092	JV		1390		1697.19		731.53		0.15		0.11		1390		0.11		38.98
2023-10-16 02:48:17.288763	JV		1395		1703.30		732.33		0.17		0.13		1395		0.13		39.01
2023-10-16 02:48:17.530475	JV		1400		1709.40		734.40		0.20		0.14		1400		0.14		39.00
2023-10-16 02:48:17.776188	JV		1405		1715.51		735.34		0.23		0.17		1405		0.17		38.98
2023-10-16 02:48:18.017881	JV		1410		1721.61		735.61		0.25		0.18		1410		0.18		38.98
2023-10-16 02:48:18.259536	JV		1415		1727.72		736.41		0.26		0.19		1415		0.19		38.98
2023-10-16 02:48:18.505325	JV		1420		1733.82		737.48		0.30		0.22		1420		0.22		39.01
2023-10-16 02:48:18.746974	JV		1425		1739.93		738.29		0.33		0.24		1425		0.24		39.01
2023-10-16 02:48:18.992700	JV		1430		1746.03		738.96		0.36		0.27		1430		0.27		39.00
2023-10-16 02:48:19.234393	JV		1435		1752.14		738.89		0.40		0.30		1435		0.30		39.02
2023-10-16 02:48:19.480088	JV		1440		1758.24		739.23		0.44		0.32		1440		0.32		39.02
2023-10-16 02:48:19.721732	JV		1445		1764.35		739.30		0.49		0.36		1445		0.36		39.03
2023-10-16 02:48:19.963452	JV		1450		1770.45		739.31		0.53		0.39		1450		0.39		39.02
2023-10-16 02:48:20.209108	JV		1455		1776.56		738.18		0.59		0.43		1455		0.43		39.03
2023-10-16 02:48:20.450862	JV		1460		1782.66		737.32		0.65		0.48		1460		0.48		39.03
2023-10-16 02:48:20.696560	JV		1465		1788.77		735.73		0.72		0.53		1465		0.53		39.02
2023-10-16 02:48:20.938247	JV		1470		1794.87		735.47		0.77		0.57		1470		0.57		38.99
2023-10-16 02:48:21.183937	JV		1475		1800.98		734.81		0.85		0.63		1475		0.63		39.00
2023-10-16 02:48:21.425593	JV		1480		1807.08		731.89		0.94		0.68		1480		0.68		39.00
2023-10-16 02:48:21.667277	JV		1485		1813.19		730.77		1.02		0.74		1485		0.74		39.00
2023-10-16 02:48:21.912992	JV		1490		1819.29		727.51		1.13		0.82		1490		0.82		39.01
2023-10-16 02:48:22.154687	JV		1495		1825.40		724.59		1.23		0.89		1495		0.89		39.00
2023-10-16 02:48:22.400349	JV		1500		1831.50		721.88		1.36		0.98		1500		0.98		39.00
2023-10-16 02:48:22.642090	JV		1505		1837.61		718.29		1.49		1.07		1505		1.07		38.99
2023-10-16 02:48:22.887731	JV		1510		1843.71		714.57		1.63		1.16		1510		1.16		39.03
2023-10-16 02:48:23.129408	JV		1515		1849.82		709.32		1.78		1.27		1515		1.27		39.01
2023-10-16 02:48:23.371149	JV		1520		1855.92		704.21		1.96		1.38		1520		1.38		38.98
2023-10-16 02:48:23.616796	JV		1525		1862.03		698.43		2.14		1.49		1525		1.49		39.01
2023-10-16 02:48:23.858501	JV		1530		1868.13		692.12		2.33		1.61		1530		1.61		39.01
2023-10-16 02:48:24.104175	JV		1535		1874.24		684.61		2.54		1.74		1535		1.74		39.00
2023-10-16 02:48:24.345866	JV		1540		1880.34		676.71		2.77		1.87		1540		1.87		39.02
2023-10-16 02:48:24.587615	JV		1545		1886.45		668.81		3.01		2.02		1545		2.02		39.02
2023-10-16 02:48:24.833251	JV		1550		1892.55		658.37		3.29		2.17		1550		2.17		39.01
2023-10-16 02:48:25.074943	JV		1555		1898.66		648.47		3.58		2.32		1555		2.32		39.01
2023-10-16 02:48:25.320684	JV		1560		1904.76		636.38		3.90		2.48		1560		2.48		39.01
2023-10-16 02:48:25.562370	JV		1565		1910.87		623.48		4.24		2.64		1565		2.64		39.02
2023-10-16 02:48:25.808099	JV		1570		1916.97		608.99		4.62		2.81		1570		2.81		38.98
2023-10-16 02:48:26.049707	JV		1575		1923.08		593.64		5.00		2.97		1575		2.97		39.02
2023-10-16 02:48:26.291406	JV		1580		1929.18		577.02		5.43		3.13		1580		3.13		39.00
2023-10-16 02:48:26.537143	JV		1585		1935.29		558.01		5.89		3.29		1585		3.29		38.98
2023-10-16 02:48:26.778848	JV		1590		1941.39		538.07		6.36		3.42		1590		3.42		38.97
2023-10-16 02:48:27.024538	JV		1595		1947.50		514.66		6.89		3.55		1595		3.55		38.99
2023-10-16 02:48:27.266198	JV		1600		1953.60		490.47		7.46		3.66		1600		3.66		39.01
2023-10-16 02:48:27.507924	JV		1605		1959.71		462.14		8.10		3.74		1605		3.74		39.01
2023-10-16 02:48:27.753640	JV		1610		1965.81		429.55		8.74		3.75		1610		3.75		38.98
2023-10-16 02:48:27.995297	JV		1615		1971.92		394.10		9.43		3.72		1610		3.75		38.96
2023-10-16 02:48:28.240999	JV		1620		1978.02		346.32		10.20		3.53		1610		3.75		38.98
2023-10-16 02:48:28.482652	JV		1625		1984.13		284.55		10.95		3.12		1610		3.75		38.98
2023-10-16 02:48:28.728366	JV		1630		1990.23		183.30		11.68		2.14		1610		3.75		38.98
2023-10-16 02:48:28.970056	JV		1635		1996.34		111.19		11.87		1.32		1610		3.75		38.97
2023-10-16 02:48:29.211769	JV		1640		2002.44		82.72		11.82		0.98		1610		3.75		38.98
2023-10-16 02:48:29.457479	JV		1645		2008.55		66.17		11.74		0.78		1610		3.75		38.98
2023-10-16 02:48:29.699178	JV		1650		2014.65		57.56		11.67		0.67		1610		3.75		38.98
2023-10-16 02:48:29.944841	JV		1655		2020.76		49.29		11.59		0.57		1610		3.75		39.01
2023-10-16 02:48:30.186510	JV		1660		2026.86		43.81		11.48		0.50		1610		3.75		38.98
2023-10-16 02:48:30.428218	JV		1665		2032.97		38.13		11.34		0.43		1610		3.75		38.99
2023-10-16 02:48:30.673872	JV		1670		2039.07		34.70		11.15		0.39		1610		3.75		38.98
2023-10-16 02:48:30.915532	JV		1675		2045.18		31.28		10.94		0.34		1610		3.75		39.00
2023-10-16 02:48:31.157271	JV		1680		2051.28		28.65		10.71		0.31		1610		3.75		38.99
2023-10-16 02:48:31.402958	JV		1685		2057.39		28.62		10.45		0.30		1610		3.75		38.97
2023-10-16 02:48:31.644575	JV		1690		2063.49		28.59		10.18		0.29		1610		3.75		39.00
2023-10-16 02:48:31.886275	JV		1695		2069.60		28.56		9.91		0.28		1610		3.75		38.99
2023-10-16 02:48:32.127936	JV		1700		2075.70		28.52		9.63		0.27		1610		3.75		39.00
2023-10-16 02:48:32.369602	JV		1705		2081.81		28.49		9.36		0.27		1610		3.75		38.97
2023-10-16 02:48:32.611277	JV		1710		2087.91		28.46		9.10		0.26		1610		3.75		38.98
2023-10-16 02:48:32.852920	JV		1715		2094.02		28.43		8.85		0.25		1610		3.75		38.99
2023-10-16 02:48:33.098547	JV		1720		2100.12		28.40		8.61		0.24		1610		3.75		38.99
2023-10-16 02:48:33.340220	JV		1725		2106.23		28.38		8.39		0.24		1610		3.75		39.01
2023-10-16 02:48:33.581905	JV		1730		2112.33		28.35		8.19		0.23		1610		3.75		39.00
2023-10-16 02:48:33.823581	JV		1735		2118.44		28.33		7.99		0.23		1610		3.75		39.01
2023-10-16 02:48:34.065228	JV		1740		2124.54		28.31		7.81		0.22		1610		3.75		39.01
2023-10-16 02:48:34.306899	JV		1745		2130.65		28.29		7.65		0.22		1610		3.75		38.99
2023-10-16 02:48:34.552618	JV		1750		2136.75		28.27		7.50		0.21		1610		3.75		39.01
2023-10-16 02:48:34.794289	JV		1755		2142.86		28.25		7.35		0.21		1610		3.75		39.02
2023-10-16 02:48:35.035913	JV		1760		2148.96		28.24		7.21		0.20		1610		3.75		39.01
2023-10-16 02:48:35.277546	JV		1765		2155.07		28.22		7.08		0.20		1610		3.75		38.98
2023-10-16 02:48:35.519270	JV		1770		2161.17		28.21		6.98		0.20		1610		3.75		39.03
2023-10-16 02:48:35.760884	JV		1775		2167.28		28.20		6.87		0.19		1610		3.75		39.00
2023-10-16 02:48:36.006661	JV		1780		2173.38		28.19		6.78		0.19		1610		3.75		39.01
2023-10-16 02:48:36.248285	JV		1785		2179.49		28.17		6.69		0.19		1610		3.75		39.01
2023-10-16 02:48:36.489952	JV		1790		2185.59		28.16		6.60		0.19		1610		3.75		39.02
2023-10-16 02:48:36.731634	JV		1795		2191.70		28.15		6.53		0.18		1610		3.75		39.01
2023-10-16 02:48:36.973287	JV		1800		2197.80		28.15		6.46		0.18		1610		3.75		38.99
2023-10-16 02:48:37.214950	JV		1805		2203.91		28.14		6.40		0.18		1610		3.75		38.99
2023-10-16 02:48:37.460570	JV		1810		2210.01		28.13		6.34		0.18		1610		3.75		39.03
2023-10-16 02:48:37.702260	JV		1815		2216.12		28.13		6.28		0.18		1610		3.75		39.00
2023-10-16 02:48:37.943894	JV		1820		2222.22		28.12		6.24		0.18		1610		3.75		39.02
2023-10-16 02:48:38.185646	JV		1825		2228.33		28.11		6.19		0.17		1610		3.75		39.02
2023-10-16 02:48:38.427260	JV		1830		2234.43		28.11		6.14		0.17		1610		3.75		39.00
2023-10-16 02:48:38.673012	JV		1835		2240.54		28.10		6.09		0.17		1610		3.75		38.99
2023-10-16 02:48:38.914637	JV		1840		2246.64		28.10		6.06		0.17		1610		3.75		39.01
2023-10-16 02:48:39.156338	JV		1845		2252.75		28.09		6.02		0.17		1610		3.75		39.00
2023-10-16 02:48:39.398005	JV		1850		2258.85		28.09		5.99		0.17		1610		3.75		39.01
2023-10-16 02:48:39.639585	JV		1855		2264.96		28.09		5.96		0.17		1610		3.75		38.99
2023-10-16 02:48:39.881246	JV		1860		2271.06		28.08		5.92		0.17		1610		3.75		39.02
2023-10-16 02:48:40.126987	JV		1865		2277.17		28.08		5.90		0.17		1610		3.75		39.01
2023-10-16 02:48:40.368595	JV		1870		2283.27		28.08		5.87		0.16		1610		3.75		38.98
2023-10-16 02:48:40.610345	JV		1875		2289.38		28.07		5.85		0.16		1610		3.75		38.99
2023-10-16 02:48:40.851997	JV		1875		2289.38		28.07		5.83		0.16		1875		0.16		39.00
2023-10-16 02:48:41.093659	JV		1870		2283.27		28.07		5.80		0.16		1875		0.16		39.00
2023-10-16 02:48:41.335316	JV		1865		2277.17		28.07		5.78		0.16		1875		0.16		39.01
2023-10-16 02:48:41.581031	JV		1860		2271.06		28.06		5.75		0.16		1875		0.16		39.01
2023-10-16 02:48:41.822709	JV		1855		2264.96		28.06		5.73		0.16		1875		0.16		39.01
2023-10-16 02:48:42.064355	JV		1850		2258.85		28.06		5.72		0.16		1875		0.16		39.00
2023-10-16 02:48:42.305921	JV		1845		2252.75		28.06		5.70		0.16		1875		0.16		39.00
2023-10-16 02:48:42.547693	JV		1840		2246.64		28.05		5.67		0.16		1875		0.16		39.02
2023-10-16 02:48:42.793307	JV		1835		2240.54		28.05		5.66		0.16		1875		0.16		39.00
2023-10-16 02:48:43.035006	JV		1830		2234.43		28.05		5.64		0.16		1875		0.16		39.00
2023-10-16 02:48:43.276640	JV		1825		2228.33		28.05		5.64		0.16		1875		0.16		39.03
2023-10-16 02:48:43.518339	JV		1820		2222.22		28.05		5.63		0.16		1875		0.16		39.02
2023-10-16 02:48:43.760001	JV		1815		2216.12		28.05		5.61		0.16		1875		0.16		39.01
2023-10-16 02:48:44.001692	JV		1810		2210.01		28.04		5.60		0.16		1875		0.16		39.01
2023-10-16 02:48:44.247364	JV		1805		2203.91		28.04		5.58		0.16		1875		0.16		39.03
2023-10-16 02:48:44.488983	JV		1800		2197.80		28.04		5.57		0.16		1875		0.16		39.01
2023-10-16 02:48:44.730629	JV		1795		2191.70		28.04		5.56		0.16		1875		0.16		39.03
2023-10-16 02:48:44.972323	JV		1790		2185.59		28.04		5.54		0.16		1875		0.16		39.00
2023-10-16 02:48:45.214022	JV		1785		2179.49		28.04		5.54		0.16		1875		0.16		39.01
2023-10-16 02:48:45.455668	JV		1780		2173.38		28.04		5.52		0.15		1875		0.16		39.04
2023-10-16 02:48:45.701393	JV		1775		2167.28		28.03		5.51		0.15		1875		0.16		39.03
2023-10-16 02:48:45.943053	JV		1770		2161.17		28.03		5.50		0.15		1875		0.16		39.00
2023-10-16 02:48:46.184682	JV		1765		2155.07		28.03		5.50		0.15		1875		0.16		38.99
2023-10-16 02:48:46.426360	JV		1760		2148.96		28.03		5.48		0.15		1875		0.16		39.03
2023-10-16 02:48:46.668033	JV		1755		2142.86		28.03		5.47		0.15		1875		0.16		39.02
2023-10-16 02:48:46.909631	JV		1750		2136.75		28.03		5.47		0.15		1875		0.16		39.03
2023-10-16 02:48:47.151283	JV		1745		2130.65		28.03		5.47		0.15		1875		0.16		39.03
2023-10-16 02:48:47.397008	JV		1740		2124.54		28.03		5.45		0.15		1875		0.16		39.02
2023-10-16 02:48:47.638715	JV		1735		2118.44		28.03		5.44		0.15		1875		0.16		39.03
2023-10-16 02:48:47.880316	JV		1730		2112.33		28.02		5.42		0.15		1875		0.16		39.02
2023-10-16 02:48:48.122043	JV		1725		2106.23		28.02		5.43		0.15		1875		0.16		39.00
2023-10-16 02:48:48.363689	JV		1720		2100.12		28.02		5.40		0.15		1875		0.16		39.02
2023-10-16 02:48:48.605359	JV		1715		2094.02		28.02		5.41		0.15		1875		0.16		39.02
2023-10-16 02:48:48.851053	JV		1710		2087.91		28.02		5.38		0.15		1875		0.16		39.02
2023-10-16 02:48:49.092725	JV		1705		2081.81		28.02		5.39		0.15		1875		0.16		39.01
2023-10-16 02:48:49.334298	JV		1700		2075.70		28.02		5.39		0.15		1875		0.16		39.03
2023-10-16 02:48:49.575986	JV		1695		2069.60		28.02		5.38		0.15		1875		0.16		39.01
2023-10-16 02:48:49.817636	JV		1690		2063.49		28.02		5.37		0.15		1875		0.16		39.02
2023-10-16 02:48:50.059340	JV		1685		2057.39		28.01		5.36		0.15		1875		0.16		39.04
2023-10-16 02:48:50.305025	JV		1680		2051.28		28.01		5.34		0.15		1875		0.16		39.02
2023-10-16 02:48:50.546712	JV		1675		2045.18		28.01		5.33		0.15		1875		0.16		39.02
2023-10-16 02:48:50.788356	JV		1670		2039.07		28.01		5.33		0.15		1875		0.16		39.01
2023-10-16 02:48:51.030030	JV		1665		2032.97		28.01		5.32		0.15		1875		0.16		39.03
2023-10-16 02:48:51.271714	JV		1660		2026.86		28.01		5.29		0.15		1875		0.16		39.03
2023-10-16 02:48:51.517429	JV		1655		2020.76		28.01		5.30		0.15		1875		0.16		39.01
2023-10-16 02:48:51.759018	JV		1650		2014.65		28.01		5.28		0.15		1875		0.16		39.04
2023-10-16 02:48:52.000683	JV		1645		2008.55		28.00		5.26		0.15		1875		0.16		39.03
2023-10-16 02:48:52.242339	JV		1640		2002.44		28.00		5.24		0.15		1875		0.16		39.01
2023-10-16 02:48:52.483996	JV		1635		1996.34		28.00		5.22		0.15		1875		0.16		39.00
2023-10-16 02:48:52.725722	JV		1630		1990.23		28.00		5.20		0.15		1875		0.16		39.02
2023-10-16 02:48:52.971446	JV		1625		1984.13		27.99		5.17		0.14		1875		0.16		39.01
2023-10-16 02:48:53.213056	JV		1620		1978.02		28.86		5.15		0.15		1875		0.16		39.00
2023-10-16 02:48:53.454777	JV		1615		1971.92		31.92		5.12		0.16		1875		0.16		39.03
2023-10-16 02:48:53.700464	JV		1610		1965.81		35.72		5.09		0.18		1610		0.18		39.04
2023-10-16 02:48:53.942116	JV		1605		1959.71		38.98		5.05		0.20		1605		0.20		39.03
2023-10-16 02:48:54.183800	JV		1600		1953.60		43.84		5.00		0.22		1600		0.22		39.02
2023-10-16 02:48:54.429488	JV		1595		1947.50		48.90		4.95		0.24		1595		0.24		39.03
2023-10-16 02:48:54.671146	JV		1590		1941.39		56.23		4.87		0.27		1590		0.27		39.03
2023-10-16 02:48:54.916866	JV		1585		1935.29		64.48		4.77		0.31		1585		0.31		39.04
2023-10-16 02:48:55.158624	JV		1580		1929.18		74.67		4.66		0.35		1580		0.35		39.01
2023-10-16 02:48:55.400246	JV		1575		1923.08		89.11		4.49		0.40		1575		0.40		39.03
2023-10-16 02:48:55.645967	JV		1570		1916.97		106.82		4.30		0.46		1570		0.46		39.02
2023-10-16 02:48:55.887695	JV		1565		1910.87		130.33		4.04		0.53		1565		0.53		39.05
2023-10-16 02:48:56.133386	JV		1560		1904.76		157.36		3.77		0.59		1560		0.59		39.03
2023-10-16 02:48:56.375007	JV		1555		1898.66		190.06		3.51		0.67		1555		0.67		39.04
2023-10-16 02:48:56.616700	JV		1550		1892.55		225.03		3.24		0.73		1550		0.73		39.04
2023-10-16 02:48:56.862394	JV		1545		1886.45		261.07		2.98		0.78		1545		0.78		39.04
2023-10-16 02:48:57.104055	JV		1540		1880.34		299.10		2.73		0.82		1540		0.82		39.05
2023-10-16 02:48:57.349818	JV		1535		1874.24		336.41		2.50		0.84		1535		0.84		39.04
2023-10-16 02:48:57.591482	JV		1530		1868.13		372.32		2.30		0.86		1530		0.86		39.04
2023-10-16 02:48:57.833194	JV		1525		1862.03		407.23		2.12		0.86		1525		0.86		39.04
2023-10-16 02:48:58.078893	JV		1520		1855.92		439.61		1.93		0.85		1525		0.86		39.04
2023-10-16 02:48:58.320583	JV		1515		1849.82		470.59		1.76		0.83		1525		0.86		39.04
2023-10-16 02:48:58.566360	JV		1510		1843.71		498.10		1.61		0.80		1525		0.86		39.03
2023-10-16 02:48:58.807932	JV		1505		1837.61		524.29		1.46		0.77		1525		0.86		39.03
2023-10-16 02:48:59.053617	JV		1500		1831.50		547.01		1.34		0.74		1525		0.86		39.04
2023-10-16 02:48:59.295307	JV		1495		1825.40		568.46		1.23		0.70		1525		0.86		39.05
2023-10-16 02:48:59.537010	JV		1490		1819.29		587.11		1.10		0.65		1525		0.86		39.04
2023-10-16 02:48:59.782677	JV		1485		1813.19		604.37		1.01		0.61		1525		0.86		39.04
2023-10-16 02:49:00.024440	JV		1480		1807.08		619.69		0.92		0.57		1525		0.86		39.03
2023-10-16 02:49:00.270135	JV		1475		1800.98		633.21		0.85		0.54		1525		0.86		39.05
2023-10-16 02:49:00.511786	JV		1470		1794.87		645.74		0.77		0.50		1525		0.86		39.02
2023-10-16 02:49:00.757510	JV		1465		1788.77		656.26		0.71		0.47		1525		0.86		39.06
2023-10-16 02:49:00.999193	JV		1460		1782.66		665.92		0.64		0.43		1525		0.86		39.05
2023-10-16 02:49:01.240868	JV		1455		1776.56		674.72		0.58		0.39		1525		0.86		39.04
2023-10-16 02:49:01.486546	JV		1450		1770.45		681.64		0.53		0.36		1525		0.86		39.04
2023-10-16 02:49:01.728221	JV		1445		1764.35		688.24		0.48		0.33		1525		0.86		39.05
2023-10-16 02:49:01.973959	JV		1440		1758.24		695.63		0.44		0.31		1525		0.86		39.04
2023-10-16 02:49:02.215678	JV		1435		1752.14		700.69		0.40		0.28		1525		0.86		39.04
2023-10-16 02:49:02.461403	JV		1430		1746.03		706.15		0.36		0.25		1525		0.86		39.04
2023-10-16 02:49:02.703062	JV		1425		1739.93		710.95		0.33		0.23		1525		0.86		39.05
2023-10-16 02:49:02.944740	JV		1420		1733.82		715.28		0.29		0.21		1525		0.86		39.05
2023-10-16 02:49:03.190417	JV		1415		1727.72		719.34		0.25		0.18		1525		0.86		39.05
2023-10-16 02:49:03.432118	JV		1410		1721.61		723.34		0.24		0.17		1525		0.86		39.05
2023-10-16 02:49:03.677845	JV		1405		1715.51		727.01		0.21		0.15		1525		0.86		39.03
2023-10-16 02:49:03.919481	JV		1400		1709.40		729.60		0.18		0.13		1525		0.86		39.04
2023-10-16 02:49:04.165185	JV		1395		1703.30		732.13		0.17		0.12		1525		0.86		39.08
2023-10-16 02:49:04.406857	JV		1390		1697.19		735.53		0.15		0.11		1525		0.86		39.03
2023-10-16 02:49:04.652596	JV		1385		1691.09		739.00		0.13		0.10		1525		0.86		39.02
2023-10-16 02:49:04.894272	JV		1380		1684.98		741.39		0.11		0.08		1525		0.86		39.05
2023-10-16 02:49:05.135957	JV		1375		1678.88		743.39		0.10		0.08		1525		0.86		39.06
2023-10-16 02:49:05.381683	JV		1370		1672.77		745.86		0.10		0.07		1525		0.86		39.05
2023-10-16 02:49:05.623392	JV		1365		1666.67		747.72		0.08		0.06		1525		0.86		39.05
2023-10-16 02:49:05.869052	JV		1360		1660.56		750.99		0.07		0.05		1525		0.86		39.06
2023-10-16 02:49:06.110746	JV		1355		1654.46		751.99		0.06		0.05		1525		0.86		39.06
2023-10-16 02:49:06.352344	JV		1350		1648.35		754.72		0.06		0.04		1525		0.86		39.04
2023-10-16 02:49:06.594067	JV		1345		1642.25		755.52		0.04		0.03		1525		0.86		39.05
2023-10-16 02:49:06.835665	JV		1340		1636.14		758.12		0.04		0.03		1525		0.86		39.05
2023-10-16 02:49:07.081459	JV		1335		1630.04		759.45		0.04		0.03		1525		0.86		39.05
2023-10-16 02:49:07.319051	JV		1330		1623.93		761.12		0.02		0.01		1525		0.86		39.04
2023-10-16 02:49:07.560683	JV		1325		1617.83		763.18		0.01		0.01		1525		0.86		39.03
2023-10-16 02:49:07.802364	JV		1320		1611.72		763.98		0.01		0.01		1525		0.86		39.05
2023-10-16 02:49:08.044007	JV		1315		1605.62		766.65		0.01		0.01		1525		0.86		39.05
2023-10-16 02:49:08.285648	JV		1310		1599.51		767.38		0.00		0.00		1525		0.86		39.03
2023-10-16 02:49:08.527236	JV		1305		1593.41		769.11		0.00		0.00		1525		0.86		39.07
2023-10-16 02:49:08.772935	JV		1300		1587.30		770.91		-0.01		-0.01		1525		0.86		39.03
2023-10-16 02:49:09.014609	JV		1295		1581.20		771.58		-0.00		-0.00		1525		0.86		39.06
2023-10-16 02:49:09.256293	JV		1290		1575.09		773.45		-0.01		-0.01		1525		0.86		39.06
2023-10-16 02:49:09.497938	JV		1285		1568.99		775.25		-0.01		-0.01		1525		0.86		39.07
2023-10-16 02:49:09.739549	JV		1280		1562.88		775.51		-0.02		-0.01		1525		0.86		39.04
2023-10-16 02:49:09.977220	JV		1275		1556.78		777.18		-0.01		-0.01		1525		0.86		39.07
2023-10-16 02:49:10.231102	MPP		1557		1901.10		650.28		3.70		2.40		1557		2.40		39.03
2023-10-16 02:49:10.485014	MPP		1557		1901.10		645.62		3.70		2.39		1557		2.39		39.05
2023-10-16 02:49:10.738971	MPP		1557		1901.10		644.69		3.69		2.38		1557		2.38		39.05
2023-10-16 02:49:10.992862	MPP		1557		1901.10		643.62		3.70		2.38		1557		2.38		39.04
2023-10-16 02:49:11.246790	MPP		1557		1901.10		642.48		3.69		2.37		1557		2.37		39.04
2023-10-16 02:49:11.496693	MPP		1557		1901.10		642.22		3.68		2.36		1557		2.36		39.03
2023-10-16 02:49:11.750657	MPP		1557		1901.10		641.28		3.70		2.37		1557		2.37		39.06
2023-10-16 02:49:12.004604	MPP		1557		1901.10		641.55		3.69		2.37		1557		2.37		39.05
2023-10-16 02:49:12.258502	MPP		1557		1901.10		641.09		3.70		2.37		1557		2.37		39.01
2023-10-16 02:49:12.512474	MPP		1557		1901.10		641.42		3.69		2.37		1557		2.37		39.04
2023-10-16 02:49:12.766403	MPP		1557		1901.10		641.02		3.69		2.37		1557		2.37		39.04
2023-10-16 02:49:13.020349	MPP		1567		1913.31		617.03		4.37		2.69		1567		2.69		39.05
2023-10-16 02:49:13.274268	MPP		1567		1913.31		615.96		4.37		2.69		1567		2.69		39.05
2023-10-16 02:49:13.524112	MPP		1567		1913.31		615.10		4.36		2.68		1567		2.68		39.06
2023-10-16 02:49:13.778114	MPP		1567		1913.31		614.30		4.36		2.68		1567		2.68		39.04
2023-10-16 02:49:14.031996	MPP		1567		1913.31		613.76		4.37		2.68		1567		2.68		39.04
2023-10-16 02:49:14.285952	MPP		1567		1913.31		613.83		4.36		2.68		1567		2.68		39.05
2023-10-16 02:49:14.539872	MPP		1567		1913.31		613.10		4.37		2.68		1567		2.68		39.03
2023-10-16 02:49:14.793822	MPP		1567		1913.31		613.23		4.37		2.68		1567		2.68		39.05
2023-10-16 02:49:15.047732	MPP		1567		1913.31		613.03		4.37		2.68		1567		2.68		39.03
2023-10-16 02:49:15.301687	MPP		1567		1913.31		612.96		4.37		2.68		1567		2.68		39.06
2023-10-16 02:49:15.551558	MPP		1567		1913.31		612.83		4.37		2.68		1567		2.68		39.05
2023-10-16 02:49:15.805542	MPP		1557		1901.10		637.09		3.69		2.35		1557		2.35		39.05
2023-10-16 02:49:16.059429	MPP		1557		1901.10		637.75		3.69		2.36		1557		2.36		39.06
2023-10-16 02:49:16.313414	MPP		1557		1901.10		638.82		3.69		2.36		1557		2.36		39.03
2023-10-16 02:49:16.567268	MPP		1557		1901.10		639.68		3.69		2.36		1557		2.36		39.03
2023-10-16 02:49:16.821245	MPP		1557		1901.10		639.62		3.70		2.36		1557		2.36		39.04
2023-10-16 02:49:17.075158	MPP		1557		1901.10		640.35		3.68		2.36		1557		2.36		39.05
2023-10-16 02:49:17.325058	MPP		1557		1901.10		640.42		3.70		2.37		1557		2.37		39.04
2023-10-16 02:49:17.578978	MPP		1557		1901.10		640.75		3.69		2.37		1557		2.37		39.04
2023-10-16 02:49:17.832923	MPP		1557		1901.10		640.88		3.70		2.37		1557		2.37		39.04
2023-10-16 02:49:18.086852	MPP		1557		1901.10		640.95		3.69		2.37		1557		2.37		39.04
2023-10-16 02:49:18.340773	MPP		1557		1901.10		641.02		3.68		2.36		1557		2.36		39.04
2023-10-16 02:49:18.594674	MPP		1547		1888.89		662.08		3.12		2.06		1547		2.06		39.05
2023-10-16 02:49:18.848665	MPP		1547		1888.89		663.62		3.12		2.07		1547		2.07		39.04
2023-10-16 02:49:19.102547	MPP		1547		1888.89		664.62		3.12		2.08		1547		2.08		39.07
2023-10-16 02:49:19.352486	MPP		1547		1888.89		665.15		3.11		2.07		1547		2.07		39.05
2023-10-16 02:49:19.606383	MPP		1547		1888.89		665.35		3.12		2.08		1547		2.08		39.04
2023-10-16 02:49:19.860392	MPP		1547		1888.89		665.95		3.12		2.08		1547		2.08		39.05
2023-10-16 02:49:20.114301	MPP		1547		1888.89		667.02		3.12		2.08		1547		2.08		39.04
2023-10-16 02:49:20.368256	MPP		1547		1888.89		667.62		3.12		2.08		1547		2.08		39.06
2023-10-16 02:49:20.622175	MPP		1547		1888.89		668.55		3.11		2.08		1547		2.08		39.04
2023-10-16 02:49:20.876062	MPP		1547		1888.89		668.42		3.12		2.09		1547		2.09		39.04
2023-10-16 02:49:21.129964	MPP		1547		1888.89		669.08		3.11		2.08		1547		2.08		39.06
2023-10-16 02:49:21.383898	MPP		1557		1901.10		648.89		3.69		2.40		1557		2.40		39.05
2023-10-16 02:49:21.633801	MPP		1557		1901.10		648.95		3.69		2.39		1557		2.39		39.03
2023-10-16 02:49:21.887813	MPP		1557		1901.10		648.55		3.70		2.40		1557		2.40		39.03
2023-10-16 02:49:22.141732	MPP		1557		1901.10		648.88		3.70		2.40		1557		2.40		39.03
2023-10-16 02:49:22.395587	MPP		1557		1901.10		648.75		3.69		2.40		1557		2.40		39.07
2023-10-16 02:49:22.649542	MPP		1557		1901.10		648.89		3.70		2.40		1557		2.40		39.06
2023-10-16 02:49:22.903491	MPP		1557		1901.10		649.15		3.68		2.39		1557		2.39		39.05
2023-10-16 02:49:23.157517	MPP		1557		1901.10		648.89		3.70		2.40		1557		2.40		39.03
2023-10-16 02:49:23.407256	MPP		1557		1901.10		649.48		3.69		2.40		1557		2.40		39.05
2023-10-16 02:49:23.661229	MPP		1557		1901.10		648.88		3.70		2.40		1557		2.40		39.05
2023-10-16 02:49:23.915142	MPP		1557		1901.10		649.02		3.69		2.39		1557		2.39		39.04
2023-10-16 02:49:24.169083	MPP		1547		1888.89		669.62		3.12		2.09		1547		2.09		39.05
2023-10-16 02:49:24.423070	MPP		1547		1888.89		671.42		3.11		2.09		1547		2.09		39.05
2023-10-16 02:49:24.677019	MPP		1547		1888.89		672.42		3.13		2.10		1547		2.10		39.06
2023-10-16 02:49:24.930935	MPP		1547		1888.89		672.68		3.12		2.10		1547		2.10		39.06
2023-10-16 02:49:25.184861	MPP		1547		1888.89		672.95		3.12		2.10		1547		2.10		39.07
2023-10-16 02:49:25.434760	MPP		1547		1888.89		673.55		3.12		2.10		1547		2.10		39.06
2023-10-16 02:49:25.688649	MPP		1547		1888.89		674.42		3.11		2.10		1547		2.10		39.06
2023-10-16 02:49:25.942594	MPP		1547		1888.89		674.82		3.12		2.10		1547		2.10		39.06
2023-10-16 02:49:26.196481	MPP		1547		1888.89		674.95		3.12		2.10		1547		2.10		39.05
2023-10-16 02:49:26.450492	MPP		1547		1888.89		675.82		3.13		2.11		1547		2.11		39.05
2023-10-16 02:49:26.704369	MPP		1547		1888.89		676.22		3.13		2.12		1547		2.12		39.07
2023-10-16 02:49:26.958332	MPP		1557		1901.10		656.08		3.69		2.42		1557		2.42		39.05
2023-10-16 02:49:27.212279	MPP		1557		1901.10		655.48		3.69		2.42		1557		2.42		39.05
2023-10-16 02:49:27.462181	MPP		1557		1901.10		655.82		3.69		2.42		1557		2.42		39.05
2023-10-16 02:49:27.716102	MPP		1557		1901.10		655.68		3.70		2.43		1557		2.43		39.03
2023-10-16 02:49:27.970002	MPP		1557		1901.10		655.62		3.69		2.42		1557		2.42		39.05
2023-10-16 02:49:28.223971	MPP		1557		1901.10		655.42		3.70		2.43		1557		2.43		39.05
2023-10-16 02:49:28.477843	MPP		1557		1901.10		655.82		3.70		2.43		1557		2.43		39.05
2023-10-16 02:49:28.731849	MPP		1557		1901.10		656.35		3.70		2.43		1557		2.43		39.05
2023-10-16 02:49:28.985709	MPP		1557		1901.10		656.02		3.69		2.42		1557		2.42		39.03
2023-10-16 02:49:29.235658	MPP		1557		1901.10		656.88		3.68		2.42		1557		2.42		39.06
2023-10-16 02:49:29.489583	MPP		1557		1901.10		656.35		3.69		2.42		1557		2.42		39.03
2023-10-16 02:49:29.743547	MPP		1567		1913.31		632.63		4.37		2.76		1567		2.76		39.04
2023-10-16 02:49:29.997436	MPP		1567		1913.31		631.23		4.38		2.77		1567		2.77		39.05
2023-10-16 02:49:30.251391	MPP		1567		1913.31		630.83		4.37		2.75		1567		2.75		39.06
2023-10-16 02:49:30.505318	MPP		1567		1913.31		629.37		4.38		2.76		1567		2.76		39.05
2023-10-16 02:49:30.759253	MPP		1567		1913.31		629.10		4.38		2.76		1567		2.76		39.07
2023-10-16 02:49:31.013096	MPP		1567		1913.31		629.10		4.37		2.75		1567		2.75		39.04
2023-10-16 02:49:31.263023	MPP		1567		1913.31		628.97		4.38		2.76		1567		2.76		39.06
2023-10-16 02:49:31.516960	MPP		1567		1913.31		629.10		4.38		2.75		1567		2.75		39.04
2023-10-16 02:49:31.770912	MPP		1567		1913.31		628.83		4.38		2.76		1567		2.76		39.05
2023-10-16 02:49:32.024875	MPP		1567		1913.31		628.90		4.38		2.75		1567		2.75		39.03
2023-10-16 02:49:32.278781	MPP		1567		1913.31		628.70		4.38		2.75		1567		2.75		39.06
2023-10-16 02:49:32.532709	MPP		1557		1901.10		652.35		3.69		2.41		1557		2.41		39.03
2023-10-16 02:49:32.786641	MPP		1557		1901.10		652.89		3.71		2.42		1557		2.42		39.05
2023-10-16 02:49:33.040605	MPP		1557		1901.10		653.02		3.70		2.41		1557		2.41		39.08
2023-10-16 02:49:33.290448	MPP		1557		1901.10		653.02		3.70		2.42		1557		2.42		39.05
2023-10-16 02:49:33.544344	MPP		1557		1901.10		653.29		3.70		2.42		1557		2.42		39.06
2023-10-16 02:49:33.798299	MPP		1557		1901.10		654.22		3.70		2.42		1557		2.42		39.07
2023-10-16 02:49:34.052225	MPP		1557		1901.10		654.02		3.70		2.42		1557		2.42		39.05
2023-10-16 02:49:34.306216	MPP		1557		1901.10		654.88		3.69		2.42		1557		2.42		39.08
2023-10-16 02:49:34.560153	MPP		1557		1901.10		654.69		3.71		2.43		1557		2.43		39.04
2023-10-16 02:49:34.814083	MPP		1557		1901.10		655.49		3.70		2.42		1557		2.42		39.06
2023-10-16 02:49:35.063978	MPP		1557		1901.10		655.82		3.70		2.43		1557		2.43		39.05
2023-10-16 02:49:35.317903	MPP		1547		1888.89		675.82		3.12		2.11		1547		2.11		39.06
2023-10-16 02:49:35.571849	MPP		1547		1888.89		676.62		3.13		2.12		1547		2.12		39.06
2023-10-16 02:49:35.825717	MPP		1547		1888.89		676.69		3.13		2.12		1547		2.12		39.05
2023-10-16 02:49:36.079662	MPP		1547		1888.89		677.35		3.12		2.12		1547		2.12		39.05
2023-10-16 02:49:36.333578	MPP		1547		1888.89		678.42		3.13		2.12		1547		2.12		39.05
2023-10-16 02:49:36.587533	MPP		1547		1888.89		679.35		3.12		2.12		1547		2.12		39.05
2023-10-16 02:49:36.841497	MPP		1547		1888.89		679.28		3.12		2.12		1547		2.12		39.05
2023-10-16 02:49:37.091398	MPP		1547		1888.89		680.22		3.11		2.12		1547		2.12		39.06
2023-10-16 02:49:37.345324	MPP		1547		1888.89		680.22		3.12		2.13		1547		2.13		39.05
2023-10-16 02:49:37.599270	MPP		1547		1888.89		680.48		3.13		2.13		1547		2.13		39.05
2023-10-16 02:49:37.853197	MPP		1547		1888.89		680.88		3.13		2.13		1547		2.13		39.06
2023-10-16 02:49:38.107140	MPP		1557		1901.10		660.89		3.69		2.44		1557		2.44		39.06
2023-10-16 02:49:38.361062	MPP		1557		1901.10		661.02		3.69		2.44		1557		2.44		39.03
2023-10-16 02:49:38.614939	MPP		1557		1901.10		660.82		3.70		2.45		1557		2.45		39.05
2023-10-16 02:49:38.868872	MPP		1557		1901.10		661.08		3.69		2.44		1557		2.44		39.05
2023-10-16 02:49:39.118757	MPP		1557		1901.10		660.95		3.71		2.45		1557		2.45		39.06
2023-10-16 02:49:39.372752	MPP		1557		1901.10		660.82		3.69		2.44		1557		2.44		39.04
2023-10-16 02:49:39.626690	MPP		1557		1901.10		660.89		3.70		2.44		1557		2.44		39.07
2023-10-16 02:49:39.880647	MPP		1557		1901.10		660.82		3.70		2.44		1557		2.44		39.06
2023-10-16 02:49:40.134486	MPP		1557		1901.10		661.09		3.70		2.45		1557		2.45		39.05
2023-10-16 02:49:40.388486	MPP		1557		1901.10		660.89		3.70		2.45		1557		2.45		39.08
2023-10-16 02:49:40.642395	MPP		1557		1901.10		661.35		3.69		2.44		1557		2.44		39.05
2023-10-16 02:49:40.896276	MPP		1547		1888.89		681.15		3.12		2.13		1547		2.13		39.05
2023-10-16 02:49:41.146147	MPP		1547		1888.89		682.55		3.11		2.13		1547		2.13		39.06
2023-10-16 02:49:41.400110	MPP		1547		1888.89		683.15		3.13		2.14		1547		2.14		39.05
2023-10-16 02:49:41.654068	MPP		1547		1888.89		683.82		3.13		2.14		1547		2.14		39.05
2023-10-16 02:49:41.908007	MPP		1547		1888.89		683.75		3.13		2.14		1547		2.14		39.06
2023-10-16 02:49:42.161923	MPP		1547		1888.89		684.49		3.12		2.14		1547		2.14		39.05
2023-10-16 02:49:42.415911	MPP		1547		1888.89		684.82		3.13		2.14		1547		2.14		39.06
2023-10-16 02:49:42.669822	MPP		1547		1888.89		684.82		3.13		2.15		1547		2.15		39.07
2023-10-16 02:49:42.923776	MPP		1547		1888.89		685.35		3.12		2.14		1547		2.14		39.05
2023-10-16 02:49:43.173676	MPP		1547		1888.89		684.88		3.12		2.14		1547		2.14		39.08
2023-10-16 02:49:43.427531	MPP		1547		1888.89		685.95		3.11		2.13		1547		2.13		39.06
2023-10-16 02:49:43.681448	MPP		1557		1901.10		666.22		3.70		2.47		1557		2.47		39.05
2023-10-16 02:49:43.935388	MPP		1557		1901.10		665.55		3.70		2.46		1557		2.46		39.06
2023-10-16 02:49:44.189302	MPP		1557		1901.10		665.22		3.69		2.46		1557		2.46		39.03
2023-10-16 02:49:44.443286	MPP		1557		1901.10		665.02		3.71		2.47		1557		2.47		39.04
2023-10-16 02:49:44.697247	MPP		1557		1901.10		665.35		3.68		2.45		1557		2.45		39.06
2023-10-16 02:49:44.947143	MPP		1557		1901.10		665.22		3.70		2.46		1557		2.46		39.04
2023-10-16 02:49:45.201073	MPP		1557		1901.10		665.95		3.69		2.46		1557		2.46		39.06
2023-10-16 02:49:45.454986	MPP		1557		1901.10		665.35		3.70		2.46		1557		2.46		39.04
2023-10-16 02:49:45.708943	MPP		1557		1901.10		666.15		3.70		2.46		1557		2.46		39.05
2023-10-16 02:49:45.962786	MPP		1557		1901.10		665.55		3.70		2.47		1557		2.47		39.07
2023-10-16 02:49:46.216738	MPP		1557		1901.10		665.75		3.69		2.46		1557		2.46		39.05
2023-10-16 02:49:46.470651	MPP		1567		1913.31		642.50		4.37		2.81		1567		2.81		39.06
2023-10-16 02:49:46.724599	MPP		1567		1913.31		641.23		4.38		2.81		1567		2.81		39.03
2023-10-16 02:49:46.974497	MPP		1567		1913.31		641.50		4.36		2.80		1567		2.80		39.06
2023-10-16 02:49:47.228485	MPP		1567		1913.31		640.90		4.38		2.81		1567		2.81		39.04
2023-10-16 02:49:47.482409	MPP		1567		1913.31		641.10		4.38		2.81		1567		2.81		39.04
2023-10-16 02:49:47.736326	MPP		1567		1913.31		640.63		4.38		2.81		1567		2.81		39.06
2023-10-16 02:49:47.990248	MPP		1567		1913.31		640.70		4.38		2.80		1567		2.80		39.04
2023-10-16 02:49:48.244194	MPP		1567		1913.31		640.10		4.38		2.80		1567		2.80		39.05
2023-10-16 02:49:48.498061	MPP		1567		1913.31		639.63		4.38		2.80		1567		2.80		39.04
2023-10-16 02:49:48.752015	MPP		1567		1913.31		639.17		4.38		2.80		1567		2.80		39.05
2023-10-16 02:49:49.001910	MPP		1567		1913.31		639.57		4.37		2.79		1567		2.79		39.08
2023-10-16 02:49:49.255856	MPP		1557		1901.10		662.42		3.71		2.46		1557		2.46		39.05
2023-10-16 02:49:49.509803	MPP		1557		1901.10		662.95		3.70		2.45		1557		2.45		39.05
2023-10-16 02:49:49.763791	MPP		1557		1901.10		664.08		3.69		2.45		1557		2.45		39.05
2023-10-16 02:49:50.017706	MPP		1557		1901.10		664.15		3.70		2.45		1557		2.45		39.06
2023-10-16 02:49:50.271626	MPP		1557		1901.10		664.42		3.69		2.45		1557		2.45		39.07
2023-10-16 02:49:50.525569	MPP		1557		1901.10		664.82		3.70		2.46		1557		2.46		39.07
2023-10-16 02:49:50.775440	MPP		1557		1901.10		664.75		3.68		2.45		1557		2.45		39.06
2023-10-16 02:49:51.029306	MPP		1557		1901.10		664.82		3.70		2.46		1557		2.46		39.05
2023-10-16 02:49:51.283245	MPP		1557		1901.10		664.75		3.70		2.46		1557		2.46		39.06
2023-10-16 02:49:51.537203	MPP		1557		1901.10		665.02		3.69		2.45		1557		2.45		39.05
2023-10-16 02:49:51.791098	MPP		1557		1901.10		664.89		3.70		2.46		1557		2.46		39.04
2023-10-16 02:49:52.045130	MPP		1547		1888.89		684.68		3.11		2.13		1547		2.13		39.03
2023-10-16 02:49:52.299040	MPP		1547		1888.89		685.35		3.12		2.14		1547		2.14		39.03
2023-10-16 02:49:52.552990	MPP		1547		1888.89		686.48		3.12		2.14		1547		2.14		39.06
2023-10-16 02:49:52.802851	MPP		1547		1888.89		686.68		3.12		2.14		1547		2.14		39.05
2023-10-16 02:49:53.056815	MPP		1547		1888.89		687.08		3.12		2.14		1547		2.14		39.04
2023-10-16 02:49:53.310734	MPP		1547		1888.89		687.75		3.12		2.15		1547		2.15		39.04
2023-10-16 02:49:53.564659	MPP		1547		1888.89		688.15		3.12		2.15		1547		2.15		39.05
2023-10-16 02:49:53.818525	MPP		1547		1888.89		688.75		3.11		2.14		1547		2.14		39.04
2023-10-16 02:49:54.072474	MPP		1547		1888.89		688.48		3.12		2.15		1547		2.15		39.05
2023-10-16 02:49:54.326405	MPP		1547		1888.89		688.88		3.11		2.15		1547		2.15		39.05
2023-10-16 02:49:54.580387	MPP		1547		1888.89		688.82		3.12		2.15		1547		2.15		39.05
2023-10-16 02:49:54.830289	MPP		1557		1901.10		669.75		3.69		2.47		1557		2.47		39.07
2023-10-16 02:49:55.084237	MPP		1557		1901.10		668.88		3.70		2.47		1557		2.47		39.05
2023-10-16 02:49:55.338157	MPP		1557		1901.10		668.88		3.70		2.47		1557		2.47		39.06
2023-10-16 02:49:55.592105	MPP		1557		1901.10		669.15		3.71		2.48		1557		2.48		39.06
2023-10-16 02:49:55.846020	MPP		1557		1901.10		668.89		3.69		2.47		1557		2.47		39.05
2023-10-16 02:49:56.099868	MPP		1557		1901.10		669.15		3.69		2.47		1557		2.47		39.05
2023-10-16 02:49:56.353811	MPP		1557		1901.10		669.08		3.70		2.47		1557		2.47		39.06
2023-10-16 02:49:56.607741	MPP		1557		1901.10		669.55		3.68		2.46		1557		2.46		39.05
2023-10-16 02:49:56.857732	MPP		1557		1901.10		669.02		3.70		2.47		1557		2.47		39.04
2023-10-16 02:49:57.111601	MPP		1557		1901.10		669.48		3.68		2.47		1557		2.47		39.03
2023-10-16 02:49:57.365547	MPP		1557		1901.10		669.02		3.70		2.47		1557		2.47		39.06
2023-10-16 02:49:57.619470	MPP		1547		1888.89		688.68		3.12		2.15		1547		2.15		39.06
2023-10-16 02:49:57.873445	MPP		1547		1888.89		689.48		3.11		2.15		1547		2.15		39.04
2023-10-16 02:49:58.127339	MPP		1547		1888.89		690.75		3.13		2.16		1547		2.16		39.05
2023-10-16 02:49:58.381235	MPP		1547		1888.89		691.15		3.10		2.14		1547		2.14		39.04
2023-10-16 02:49:58.635171	MPP		1547		1888.89		690.75		3.13		2.16		1547		2.16		39.06
2023-10-16 02:49:58.885080	MPP		1547		1888.89		692.15		3.11		2.15		1547		2.15		39.06
2023-10-16 02:49:59.138981	MPP		1547		1888.89		692.08		3.11		2.15		1547		2.15		39.05
2023-10-16 02:49:59.392944	MPP		1547		1888.89		692.48		3.12		2.16		1547		2.16		39.06
2023-10-16 02:49:59.646894	MPP		1547		1888.89		692.62		3.12		2.16		1547		2.16		39.07
2023-10-16 02:49:59.900846	MPP		1547		1888.89		692.82		3.12		2.16		1547		2.16		39.05
2023-10-16 02:50:00.154801	MPP		1547		1888.89		693.02		3.12		2.16		1547		2.16		39.07
2023-10-16 02:50:00.408762	MPP		1557		1901.10		673.68		3.69		2.49		1557		2.49		39.04
2023-10-16 02:50:00.662591	MPP		1557		1901.10		673.28		3.68		2.48		1557		2.48		39.06
2023-10-16 02:50:00.912482	MPP		1557		1901.10		673.08		3.69		2.48		1557		2.48		39.05
2023-10-16 02:50:01.166429	MPP		1557		1901.10		673.42		3.69		2.49		1557		2.49		39.06
2023-10-16 02:50:01.420328	MPP		1557		1901.10		672.95		3.70		2.49		1557		2.49		39.03
2023-10-16 02:50:01.674289	MPP		1557		1901.10		673.22		3.69		2.48		1557		2.48		39.05
2023-10-16 02:50:01.928270	MPP		1557		1901.10		672.89		3.69		2.49		1557		2.49		39.05
2023-10-16 02:50:02.182219	MPP		1557		1901.10		672.95		3.70		2.49		1557		2.49		39.06
2023-10-16 02:50:02.436133	MPP		1557		1901.10		673.08		3.69		2.48		1557		2.48		39.05
2023-10-16 02:50:02.690080	MPP		1557		1901.10		672.88		3.69		2.49		1557		2.49		39.06
2023-10-16 02:50:02.939958	MPP		1557		1901.10		673.42		3.69		2.48		1557		2.48		39.06
2023-10-16 02:50:03.193854	MPP		1567		1913.31		649.90		4.37		2.84		1567		2.84		39.06
2023-10-16 02:50:03.447749	MPP		1567		1913.31		649.50		4.36		2.83		1567		2.83		39.07
2023-10-16 02:50:03.701736	MPP		1567		1913.31		648.90		4.36		2.83		1567		2.83		39.06
2023-10-16 02:50:03.955626	MPP		1567		1913.31		648.90		4.36		2.83		1567		2.83		39.05
2023-10-16 02:50:04.209549	MPP		1567		1913.31		648.36		4.37		2.83		1567		2.83		39.04
2023-10-16 02:50:04.463562	MPP		1567		1913.31		648.43		4.36		2.83		1567		2.83		39.05
2023-10-16 02:50:04.717510	MPP		1567		1913.31		647.97		4.37		2.83		1567		2.83		39.02
2023-10-16 02:50:04.967384	MPP		1567		1913.31		647.83		4.36		2.82		1567		2.82		39.07
2023-10-16 02:50:05.221333	MPP		1567		1913.31		647.56		4.36		2.82		1567		2.82		39.05
2023-10-16 02:50:05.475249	MPP		1567		1913.31		647.16		4.37		2.83		1567		2.83		39.05
2023-10-16 02:50:05.729200	MPP		1567		1913.31		646.96		4.36		2.82		1567		2.82		39.07
2023-10-16 02:50:05.983055	MPP		1557		1901.10		668.95		3.68		2.46		1557		2.46		39.05
2023-10-16 02:50:06.236999	MPP		1557		1901.10		670.42		3.69		2.47		1557		2.47		39.04
2023-10-16 02:50:06.490913	MPP		1557		1901.10		670.35		3.69		2.47		1557		2.47		39.06
2023-10-16 02:50:06.744843	MPP		1557		1901.10		670.22		3.69		2.47		1557		2.47		39.05
2023-10-16 02:50:06.994832	MPP		1557		1901.10		670.88		3.69		2.47		1557		2.47		39.05
2023-10-16 02:50:07.248726	MPP		1557		1901.10		671.15		3.70		2.48		1557		2.48		39.05
2023-10-16 02:50:07.502677	MPP		1557		1901.10		671.75		3.68		2.47		1557		2.47		39.06
2023-10-16 02:50:07.756570	MPP		1557		1901.10		672.02		3.69		2.48		1557		2.48		39.04
2023-10-16 02:50:08.010493	MPP		1557		1901.10		671.82		3.68		2.47		1557		2.47		39.07
2023-10-16 02:50:08.264452	MPP		1557		1901.10		672.35		3.69		2.48		1557		2.48		39.06
2023-10-16 02:50:08.518329	MPP		1557		1901.10		672.22		3.69		2.48		1557		2.48		39.05
2023-10-16 02:50:08.772258	MPP		1547		1888.89		691.28		3.11		2.15		1547		2.15		39.03
2023-10-16 02:50:09.022158	MPP		1547		1888.89		692.48		3.11		2.16		1547		2.16		39.05
2023-10-16 02:50:09.276077	MPP		1547		1888.89		692.75		3.11		2.16		1547		2.16		39.05
2023-10-16 02:50:09.530066	MPP		1547		1888.89		692.82		3.12		2.16		1547		2.16		39.05
2023-10-16 02:50:09.784020	MPP		1547		1888.89		693.22		3.11		2.16		1547		2.16		39.06
2023-10-16 02:50:10.037909	MPP		1547		1888.89		693.08		3.12		2.16		1547		2.16		39.05
2023-10-16 02:50:10.291890	MPP		1547		1888.89		694.02		3.10		2.15		1547		2.15		39.04
2023-10-16 02:50:10.545828	MPP		1547		1888.89		693.88		3.12		2.16		1547		2.16		39.04
2023-10-16 02:50:10.799757	MPP		1547		1888.89		694.08		3.12		2.16		1547		2.16		39.04
2023-10-16 02:50:11.049643	MPP		1547		1888.89		694.75		3.12		2.17		1547		2.17		39.03
2023-10-16 02:50:11.303507	MPP		1547		1888.89		695.22		3.12		2.17		1547		2.17		39.03
2023-10-16 02:50:11.557456	MPP		1557		1901.10		676.48		3.69		2.50		1557		2.50		39.06
2023-10-16 02:50:11.811366	MPP		1557		1901.10		675.42		3.68		2.49		1557		2.49		39.05
2023-10-16 02:50:12.065333	MPP		1557		1901.10		676.08		3.68		2.49		1557		2.49		39.03
2023-10-16 02:50:12.319277	MPP		1557		1901.10		675.82		3.69		2.50		1557		2.50		39.05
2023-10-16 02:50:12.573192	MPP		1557		1901.10		675.62		3.69		2.49		1557		2.49		39.05
2023-10-16 02:50:12.827140	MPP		1557		1901.10		675.02		3.69		2.49		1557		2.49		39.04
2023-10-16 02:50:13.077017	MPP		1557		1901.10		675.62		3.69		2.49		1557		2.49		39.05
2023-10-16 02:50:13.330996	MPP		1557		1901.10		675.15		3.70		2.50		1557		2.50		39.02
2023-10-16 02:50:13.584843	MPP		1557		1901.10		675.42		3.69		2.50		1557		2.50		39.06
2023-10-16 02:50:13.838799	MPP		1557		1901.10		676.35		3.68		2.49		1557		2.49		39.04
2023-10-16 02:50:14.092701	MPP		1557		1901.10		675.68		3.69		2.49		1557		2.49		39.05
2023-10-16 02:50:14.346661	MPP		1547		1888.89		695.15		3.11		2.16		1547		2.16		39.05
2023-10-16 02:50:14.600646	MPP		1547		1888.89		695.48		3.12		2.17		1547		2.17		39.06
2023-10-16 02:50:14.854536	MPP		1547		1888.89		696.08		3.11		2.17		1547		2.17		39.06
2023-10-16 02:50:15.104434	MPP		1547		1888.89		696.35		3.12		2.18		1547		2.18		39.07
2023-10-16 02:50:15.358342	MPP		1547		1888.89		696.48		3.11		2.17		1547		2.17		39.05
2023-10-16 02:50:15.612312	MPP		1547		1888.89		696.75		3.11		2.17		1547		2.17		39.05
2023-10-16 02:50:15.866261	MPP		1547		1888.89		696.82		3.12		2.17		1547		2.17		39.06
2023-10-16 02:50:16.120129	MPP		1547		1888.89		696.88		3.11		2.17		1547		2.17		39.06
2023-10-16 02:50:16.374082	MPP		1547		1888.89		696.95		3.11		2.17		1547		2.17		39.04
2023-10-16 02:50:16.628003	MPP		1547		1888.89		697.48		3.11		2.17		1547		2.17		39.06
2023-10-16 02:50:16.881943	MPP		1547		1888.89		697.55		3.12		2.18		1547		2.18		39.05
2023-10-16 02:50:17.131866	MPP		1557		1901.10		679.22		3.68		2.50		1557		2.50		39.06
2023-10-16 02:50:17.385870	MPP		1557		1901.10		677.75		3.69		2.50		1557		2.50		39.05
2023-10-16 02:50:17.639725	MPP		1557		1901.10		677.15		3.70		2.50		1557		2.50		39.05
2023-10-16 02:50:17.893661	MPP		1557		1901.10		677.49		3.69		2.50		1557		2.50		39.04
2023-10-16 02:50:18.147598	MPP		1557		1901.10		677.35		3.70		2.50		1557		2.50		39.05
2023-10-16 02:50:18.401465	MPP		1557		1901.10		677.75		3.68		2.50		1557		2.50		39.06
2023-10-16 02:50:18.655408	MPP		1557		1901.10		677.35		3.69		2.50		1557		2.50		39.04
2023-10-16 02:50:18.905298	MPP		1557		1901.10		678.02		3.68		2.50		1557		2.50		39.07
2023-10-16 02:50:19.159260	MPP		1557		1901.10		677.29		3.70		2.50		1557		2.50		39.06
2023-10-16 02:50:19.413159	MPP		1557		1901.10		677.55		3.68		2.49		1557		2.49		39.06
2023-10-16 02:50:19.667145	MPP		1557		1901.10		677.49		3.69		2.50		1557		2.50		39.05
2023-10-16 02:50:19.921076	MPP		1567		1913.31		654.43		4.37		2.86		1567		2.86		39.05
2023-10-16 02:50:20.175002	MPP		1567		1913.31		653.90		4.37		2.86		1567		2.86		39.06
2023-10-16 02:50:20.428940	MPP		1567		1913.31		653.03		4.37		2.86		1567		2.86		39.04
2023-10-16 02:50:20.682895	MPP		1567		1913.31		653.56		4.37		2.86		1567		2.86		39.05
2023-10-16 02:50:20.932718	MPP		1567		1913.31		653.10		4.37		2.86		1567		2.86		39.06
2023-10-16 02:50:21.186696	MPP		1567		1913.31		653.16		4.37		2.85		1567		2.85		39.06
2023-10-16 02:50:21.440602	MPP		1567		1913.31		652.70		4.36		2.85		1567		2.85		39.06
2023-10-16 02:50:21.694518	MPP		1567		1913.31		652.76		4.37		2.85		1567		2.85		39.05
2023-10-16 02:50:21.948497	MPP		1567		1913.31		652.43		4.36		2.84		1567		2.84		39.04
2023-10-16 02:50:22.202487	MPP		1567		1913.31		651.37		4.37		2.85		1567		2.85		39.05
2023-10-16 02:50:22.456337	MPP		1567		1913.31		650.96		4.36		2.84		1567		2.84		39.05
2023-10-16 02:50:22.710314	MPP		1557		1901.10		673.88		3.69		2.49		1557		2.49		39.04
2023-10-16 02:50:22.960183	MPP		1557		1901.10		675.42		3.68		2.49		1557		2.49		39.05
2023-10-16 02:50:23.214110	MPP		1557		1901.10		675.09		3.70		2.50		1557		2.50		39.06
2023-10-16 02:50:23.468016	MPP		1557		1901.10		675.68		3.69		2.49		1557		2.49		39.05
2023-10-16 02:50:23.721958	MPP		1557		1901.10		675.88		3.68		2.49		1557		2.49		39.02
2023-10-16 02:50:23.975922	MPP		1557		1901.10		675.68		3.69		2.49		1557		2.49		39.06
2023-10-16 02:50:24.229849	MPP		1557		1901.10		675.95		3.69		2.50		1557		2.50		39.04
2023-10-16 02:50:24.483778	MPP		1557		1901.10		676.29		3.70		2.50		1557		2.50		39.05
2023-10-16 02:50:24.733659	MPP		1557		1901.10		676.48		3.69		2.50		1557		2.50		39.06
2023-10-16 02:50:24.987643	MPP		1557		1901.10		676.08		3.70		2.50		1557		2.50		39.06
2023-10-16 02:50:25.241537	MPP		1557		1901.10		676.48		3.68		2.49		1557		2.49		39.06
2023-10-16 02:50:25.495510	MPP		1547		1888.89		695.35		3.12		2.17		1547		2.17		39.07
2023-10-16 02:50:25.749432	MPP		1547		1888.89		696.28		3.11		2.16		1547		2.16		39.06
2023-10-16 02:50:26.003304	MPP		1547		1888.89		696.42		3.13		2.18		1547		2.18		39.05
2023-10-16 02:50:26.257212	MPP		1547		1888.89		696.88		3.12		2.18		1547		2.18		39.05
2023-10-16 02:50:26.511138	MPP		1547		1888.89		696.75		3.14		2.18		1547		2.18		39.06
2023-10-16 02:50:26.761033	MPP		1547		1888.89		696.95		3.13		2.18		1547		2.18		39.05
2023-10-16 02:50:27.015003	MPP		1547		1888.89		697.02		3.13		2.18		1547		2.18		39.05
2023-10-16 02:50:27.268923	MPP		1547		1888.89		696.95		3.14		2.19		1547		2.19		39.06
2023-10-16 02:50:27.522928	MPP		1547		1888.89		697.82		3.12		2.18		1547		2.18		39.06
2023-10-16 02:50:27.776816	MPP		1547		1888.89		697.95		3.13		2.18		1547		2.18		39.05
2023-10-16 02:50:28.030743	MPP		1547		1888.89		698.68		3.12		2.18		1547		2.18		39.04
2023-10-16 02:50:28.284698	MPP		1557		1901.10		679.89		3.70		2.51		1557		2.51		39.04
2023-10-16 02:50:28.538579	MPP		1557		1901.10		679.42		3.70		2.51		1557		2.51		39.06
2023-10-16 02:50:28.788470	MPP		1557		1901.10		678.95		3.70		2.51		1557		2.51		39.04
2023-10-16 02:50:29.042395	MPP		1557		1901.10		677.89		3.71		2.51		1557		2.51		39.05
2023-10-16 02:50:29.296337	MPP		1557		1901.10		678.69		3.69		2.51		1557		2.51		39.04
2023-10-16 02:50:29.550302	MPP		1557		1901.10		678.42		3.70		2.51		1557		2.51		39.05
2023-10-16 02:50:29.804274	MPP		1557		1901.10		678.82		3.69		2.51		1557		2.51		39.06
2023-10-16 02:50:30.058201	MPP		1557		1901.10		678.22		3.70		2.51		1557		2.51		39.06
2023-10-16 02:50:30.312079	MPP		1557		1901.10		678.55		3.69		2.51		1557		2.51		39.06
2023-10-16 02:50:30.566030	MPP		1557		1901.10		678.55		3.69		2.51		1557		2.51		39.05
2023-10-16 02:50:30.815936	MPP		1557		1901.10		678.75		3.69		2.50		1557		2.50		39.05
2023-10-16 02:50:31.069810	MPP		1547		1888.89		697.68		3.14		2.19		1547		2.19		39.04
2023-10-16 02:50:31.323760	MPP		1547		1888.89		698.48		3.14		2.19		1547		2.19		39.06
2023-10-16 02:50:31.577695	MPP		1547		1888.89		699.42		3.12		2.18		1547		2.18		39.04
2023-10-16 02:50:31.831610	MPP		1547		1888.89		699.82		3.12		2.19		1547		2.19		39.06
2023-10-16 02:50:32.085624	MPP		1547		1888.89		700.15		3.12		2.18		1547		2.18		39.05
2023-10-16 02:50:32.339533	MPP		1547		1888.89		699.88		3.12		2.18		1547		2.18		39.08
2023-10-16 02:50:32.593486	MPP		1547		1888.89		700.68		3.12		2.19		1547		2.19		39.05
2023-10-16 02:50:32.843266	MPP		1547		1888.89		700.62		3.14		2.20		1547		2.20		39.04
2023-10-16 02:50:33.097315	MPP		1547		1888.89		700.68		3.13		2.19		1547		2.19		39.06
2023-10-16 02:50:33.351229	MPP		1547		1888.89		700.48		3.13		2.19		1547		2.19		39.05
2023-10-16 02:50:33.605108	MPP		1547		1888.89		700.75		3.13		2.20		1547		2.20		39.05
2023-10-16 02:50:33.859031	MPP		1557		1901.10		681.62		3.69		2.52		1557		2.52		39.07
2023-10-16 02:50:34.112980	MPP		1557		1901.10		681.02		3.69		2.52		1557		2.52		39.06
2023-10-16 02:50:34.366910	MPP		1557		1901.10		681.29		3.69		2.52		1557		2.52		39.06
2023-10-16 02:50:34.620876	MPP		1557		1901.10		680.89		3.70		2.52		1557		2.52		39.07
2023-10-16 02:50:34.870745	MPP		1557		1901.10		681.02		3.70		2.52		1557		2.52		39.07
2023-10-16 02:50:35.124731	MPP		1557		1901.10		680.88		3.70		2.52		1557		2.52		39.05
2023-10-16 02:50:35.378638	MPP		1557		1901.10		680.69		3.70		2.52		1557		2.52		39.07
2023-10-16 02:50:35.632594	MPP		1557		1901.10		681.02		3.69		2.51		1557		2.51		39.04
2023-10-16 02:50:35.886468	MPP		1557		1901.10		680.88		3.69		2.51		1557		2.51		39.07
2023-10-16 02:50:36.140385	MPP		1557		1901.10		680.89		3.69		2.51		1557		2.51		39.03
2023-10-16 02:50:36.394305	MPP		1557		1901.10		680.95		3.69		2.51		1557		2.51		39.06
2023-10-16 02:50:36.644191	MPP		1567		1913.31		658.17		4.38		2.88		1567		2.88		39.06
2023-10-16 02:50:36.898128	MPP		1567		1913.31		657.10		4.38		2.88		1567		2.88		39.08
2023-10-16 02:50:37.152127	MPP		1567		1913.31		656.90		4.37		2.87		1567		2.87		39.04
2023-10-16 02:50:37.406077	MPP		1567		1913.31		656.57		4.39		2.88		1567		2.88		39.06
2023-10-16 02:50:37.660021	MPP		1567		1913.31		656.23		4.39		2.88		1567		2.88		39.07
2023-10-16 02:50:37.913995	MPP		1567		1913.31		655.97		4.37		2.87		1567		2.87		39.07
2023-10-16 02:50:38.167819	MPP		1567		1913.31		655.10		4.38		2.87		1567		2.87		39.07
2023-10-16 02:50:38.421770	MPP		1567		1913.31		655.36		4.37		2.87		1567		2.87		39.06
2023-10-16 02:50:38.671624	MPP		1567		1913.31		654.03		4.39		2.87		1567		2.87		39.04
2023-10-16 02:50:38.925547	MPP		1567		1913.31		654.50		4.38		2.87		1567		2.87		39.07
2023-10-16 02:50:39.179484	MPP		1567		1913.31		653.10		4.39		2.87		1567		2.87		39.06
2023-10-16 02:50:39.433437	MPP		1557		1901.10		677.22		3.69		2.50		1557		2.50		39.07
2023-10-16 02:50:39.687387	MPP		1557		1901.10		677.02		3.69		2.50		1557		2.50		39.04
2023-10-16 02:50:39.941370	MPP		1557		1901.10		676.89		3.71		2.51		1557		2.51		39.06
2023-10-16 02:50:40.195282	MPP		1557		1901.10		677.29		3.71		2.51		1557		2.51		39.05
2023-10-16 02:50:40.445180	MPP		1557		1901.10		677.55		3.71		2.51		1557		2.51		39.05
2023-10-16 02:50:40.699072	MPP		1557		1901.10		677.69		3.70		2.51		1557		2.51		39.04
2023-10-16 02:50:40.953029	MPP		1557		1901.10		677.89		3.70		2.51		1557		2.51		39.04
2023-10-16 02:50:41.206907	MPP		1557		1901.10		678.29		3.70		2.51		1557		2.51		39.04
2023-10-16 02:50:41.460838	MPP		1557		1901.10		677.55		3.70		2.51		1557		2.51		39.05
2023-10-16 02:50:41.714774	MPP		1557		1901.10		678.68		3.70		2.51		1557		2.51		39.06
2023-10-16 02:50:41.968685	MPP		1557		1901.10		677.89		3.72		2.52		1557		2.52		39.07
2023-10-16 02:50:42.222703	MPP		1547		1888.89		697.49		3.14		2.19		1547		2.19		39.06
2023-10-16 02:50:42.472580	MPP		1547		1888.89		698.62		3.14		2.19		1547		2.19		39.07
2023-10-16 02:50:42.726480	MPP		1547		1888.89		698.82		3.13		2.19		1547		2.19		39.07
2023-10-16 02:50:42.980413	MPP		1547		1888.89		699.48		3.11		2.18		1547		2.18		39.05
2023-10-16 02:50:43.234364	MPP		1547		1888.89		700.15		3.13		2.19		1547		2.19		39.05
2023-10-16 02:50:43.488277	MPP		1547		1888.89		700.08		3.12		2.18		1547		2.18		39.06
2023-10-16 02:50:43.742221	MPP		1547		1888.89		700.15		3.13		2.19		1547		2.19		39.07
2023-10-16 02:50:43.996092	MPP		1547		1888.89		700.55		3.12		2.19		1547		2.19		39.07
2023-10-16 02:50:44.250040	MPP		1547		1888.89		700.48		3.14		2.20		1547		2.20		39.06
2023-10-16 02:50:44.499941	MPP		1547		1888.89		700.75		3.13		2.20		1547		2.20		39.04
2023-10-16 02:50:44.753885	MPP		1547		1888.89		700.82		3.13		2.20		1547		2.20		39.02
2023-10-16 02:50:45.007843	MPP		1557		1901.10		681.09		3.71		2.53		1557		2.53		39.06
2023-10-16 02:50:45.261786	MPP		1557		1901.10		681.15		3.70		2.52		1557		2.52		39.05
2023-10-16 02:50:45.515707	MPP		1557		1901.10		680.95		3.72		2.53		1557		2.53		39.06
2023-10-16 02:50:45.769654	MPP		1557		1901.10		681.15		3.70		2.52		1557		2.52		39.06
2023-10-16 02:50:46.023565	MPP		1557		1901.10		680.89		3.70		2.52		1557		2.52		39.07
2023-10-16 02:50:46.277515	MPP		1557		1901.10		681.02		3.70		2.52		1557		2.52		39.05
2023-10-16 02:50:46.527343	MPP		1557		1901.10		681.09		3.71		2.53		1557		2.53		39.04
2023-10-16 02:50:46.781308	MPP		1557		1901.10		680.62		3.70		2.52		1557		2.52		39.06
2023-10-16 02:50:47.035229	MPP		1557		1901.10		680.89		3.71		2.52		1557		2.52		39.05
2023-10-16 02:50:47.289129	MPP		1557		1901.10		680.95		3.71		2.52		1557		2.52		39.04
2023-10-16 02:50:47.543164	MPP		1557		1901.10		680.95		3.70		2.52		1557		2.52		39.07
2023-10-16 02:50:47.797077	MPP		1547		1888.89		700.42		3.14		2.20		1547		2.20		39.05
2023-10-16 02:50:48.051077	MPP		1547		1888.89		701.22		3.12		2.19		1547		2.19		39.05
2023-10-16 02:50:48.304955	MPP		1547		1888.89		700.89		3.13		2.19		1547		2.19		39.05
2023-10-16 02:50:48.554845	MPP		1547		1888.89		701.62		3.12		2.19		1547		2.19		39.06
2023-10-16 02:50:48.808776	MPP		1547		1888.89		701.69		3.13		2.20		1547		2.20		39.07
2023-10-16 02:50:49.062636	MPP		1547		1888.89		701.49		3.13		2.20		1547		2.20		39.04
2023-10-16 02:50:49.316576	MPP		1547		1888.89		702.35		3.13		2.20		1547		2.20		39.06
2023-10-16 02:50:49.570519	MPP		1547		1888.89		702.42		3.13		2.20		1547		2.20		39.05
2023-10-16 02:50:49.824438	MPP		1547		1888.89		703.08		3.12		2.20		1547		2.20		39.06
2023-10-16 02:50:50.078400	MPP		1547		1888.89		703.29		3.14		2.21		1547		2.21		39.06
2023-10-16 02:50:50.332376	MPP		1547		1888.89		703.88		3.13		2.20		1547		2.20		39.05
2023-10-16 02:50:50.582271	MPP		1557		1901.10		684.42		3.70		2.54		1557		2.54		39.07
2023-10-16 02:50:50.836192	MPP		1557		1901.10		683.95		3.70		2.53		1557		2.53		39.05
2023-10-16 02:50:51.090142	MPP		1557		1901.10		683.29		3.71		2.54		1557		2.54		39.06
2023-10-16 02:50:51.344111	MPP		1557		1901.10		683.35		3.71		2.53		1557		2.53		39.03
2023-10-16 02:50:51.597934	MPP		1557		1901.10		683.35		3.71		2.53		1557		2.53		39.05
2023-10-16 02:50:51.851850	MPP		1557		1901.10		683.15		3.71		2.54		1557		2.54		39.07
2023-10-16 02:50:52.105773	MPP		1557		1901.10		683.75		3.71		2.53		1557		2.53		39.07
2023-10-16 02:50:52.355665	MPP		1557		1901.10		683.02		3.70		2.53		1557		2.53		39.04
2023-10-16 02:50:52.609661	MPP		1557		1901.10		683.22		3.71		2.53		1557		2.53		39.07
2023-10-16 02:50:52.863585	MPP		1557		1901.10		682.55		3.71		2.53		1557		2.53		39.02
2023-10-16 02:50:53.117568	MPP		1557		1901.10		683.09		3.70		2.52		1557		2.52		39.06
2023-10-16 02:50:53.371484	MPP		1567		1913.31		660.50		4.38		2.89		1567		2.89		39.06
2023-10-16 02:50:53.625410	MPP		1567		1913.31		659.63		4.39		2.90		1567		2.90		39.05
2023-10-16 02:50:53.879253	MPP		1567		1913.31		659.43		4.37		2.88		1567		2.88		39.06
2023-10-16 02:50:54.133189	MPP		1567		1913.31		658.50		4.39		2.89		1567		2.89		39.05
2023-10-16 02:50:54.383118	MPP		1567		1913.31		657.83		4.38		2.88		1567		2.88		39.04
2023-10-16 02:50:54.637142	MPP		1567		1913.31		657.37		4.38		2.88		1567		2.88		39.06
2023-10-16 02:50:54.890960	MPP		1567		1913.31		657.90		4.37		2.88		1567		2.88		39.04
2023-10-16 02:50:55.144890	MPP		1567		1913.31		657.03		4.39		2.88		1567		2.88		39.06
2023-10-16 02:50:55.398902	MPP		1567		1913.31		657.03		4.38		2.88		1567		2.88		39.06
2023-10-16 02:50:55.652830	MPP		1567		1913.31		656.77		4.37		2.87		1567		2.87		39.05
2023-10-16 02:50:55.906656	MPP		1567		1913.31		656.83		4.37		2.87		1567		2.87		39.05
2023-10-16 02:50:56.160660	MPP		1557		1901.10		679.89		3.69		2.51		1557		2.51		39.05
2023-10-16 02:50:56.410541	MPP		1557		1901.10		680.15		3.70		2.51		1557		2.51		39.05
2023-10-16 02:50:56.664459	MPP		1557		1901.10		680.62		3.69		2.51		1557		2.51		39.03
2023-10-16 02:50:56.918378	MPP		1557		1901.10		680.55		3.72		2.53		1557		2.53		39.06
2023-10-16 02:50:57.172308	MPP		1557		1901.10		680.48		3.69		2.51		1557		2.51		39.06
2023-10-16 02:50:57.426235	MPP		1557		1901.10		680.49		3.70		2.52		1557		2.52		39.04
2023-10-16 02:50:57.680184	MPP		1557		1901.10		680.62		3.71		2.53		1557		2.53		39.06
2023-10-16 02:50:57.934085	MPP		1557		1901.10		680.69		3.71		2.52		1557		2.52		39.06
2023-10-16 02:50:58.184070	MPP		1557		1901.10		680.89		3.71		2.53		1557		2.53		39.09
2023-10-16 02:50:58.437959	MPP		1557		1901.10		680.89		3.70		2.52		1557		2.52		39.06
2023-10-16 02:50:58.691899	MPP		1557		1901.10		680.69		3.70		2.52		1557		2.52		39.05
2023-10-16 02:50:58.945805	MPP		1547		1888.89		700.08		3.13		2.19		1547		2.19		39.04
2023-10-16 02:50:59.199801	MPP		1547		1888.89		700.55		3.13		2.19		1547		2.19		39.05
2023-10-16 02:50:59.453696	MPP		1547		1888.89		701.22		3.13		2.19		1547		2.19		39.07
2023-10-16 02:50:59.707562	MPP		1547		1888.89		700.95		3.13		2.19		1547		2.19		39.05
2023-10-16 02:50:59.961517	MPP		1547		1888.89		701.15		3.13		2.19		1547		2.19		39.04
2023-10-16 02:51:00.211400	MPP		1547		1888.89		701.55		3.13		2.20		1547		2.20		39.06
2023-10-16 02:51:00.465353	MPP		1547		1888.89		701.95		3.13		2.20		1547		2.20		39.06
2023-10-16 02:51:00.719302	MPP		1547		1888.89		701.95		3.13		2.20		1547		2.20		39.05
2023-10-16 02:51:00.973282	MPP		1547		1888.89		702.35		3.13		2.20		1547		2.20		39.05
2023-10-16 02:51:01.227230	MPP		1547		1888.89		703.55		3.12		2.20		1547		2.20		39.06
2023-10-16 02:51:01.481179	MPP		1547		1888.89		703.62		3.13		2.20		1547		2.20		39.03
2023-10-16 02:51:01.735065	MPP		1557		1901.10		684.55		3.70		2.53		1557		2.53		39.06
2023-10-16 02:51:01.989012	MPP		1557		1901.10		683.62		3.69		2.52		1557		2.52		39.06
2023-10-16 02:51:02.238890	MPP		1557		1901.10		683.42		3.70		2.53		1557		2.53		39.04
2023-10-16 02:51:02.492764	MPP		1557		1901.10		683.55		3.70		2.53		1557		2.53		39.06
2023-10-16 02:51:02.746680	MPP		1557		1901.10		683.09		3.70		2.53		1557		2.53		39.06
2023-10-16 02:51:03.000631	MPP		1557		1901.10		683.48		3.69		2.52		1557		2.52		39.06
2023-10-16 02:51:03.254559	MPP		1557		1901.10		683.09		3.70		2.53		1557		2.53		39.03
2023-10-16 02:51:03.508471	MPP		1557		1901.10		683.62		3.68		2.52		1557		2.52		39.05
2023-10-16 02:51:03.762432	MPP		1557		1901.10		682.95		3.70		2.52		1557		2.52		39.06
2023-10-16 02:51:04.012356	MPP		1557		1901.10		682.95		3.69		2.52		1557		2.52		39.05
2023-10-16 02:51:04.266281	MPP		1557		1901.10		682.82		3.70		2.52		1557		2.52		39.06
2023-10-16 02:51:04.520221	MPP		1547		1888.89		702.02		3.13		2.20		1547		2.20		39.06
2023-10-16 02:51:04.774205	MPP		1547		1888.89		703.15		3.12		2.19		1547		2.19		39.05
2023-10-16 02:51:05.028022	MPP		1547		1888.89		703.48		3.12		2.20		1547		2.20		39.07
2023-10-16 02:51:05.281990	MPP		1547		1888.89		704.22		3.12		2.19		1547		2.19		39.05
2023-10-16 02:51:05.535964	MPP		1547		1888.89		704.02		3.13		2.21		1547		2.21		39.06
2023-10-16 02:51:05.789847	MPP		1547		1888.89		704.55		3.12		2.20		1547		2.20		39.06
2023-10-16 02:51:06.039730	MPP		1547		1888.89		704.35		3.12		2.20		1547		2.20		39.06
2023-10-16 02:51:06.293700	MPP		1547		1888.89		704.75		3.12		2.20		1547		2.20		39.05
2023-10-16 02:51:06.547616	MPP		1547		1888.89		704.68		3.13		2.21		1547		2.21		39.06
2023-10-16 02:51:06.801571	MPP		1547		1888.89		704.88		3.13		2.20		1547		2.20		39.05
2023-10-16 02:51:07.055463	MPP		1547		1888.89		704.82		3.12		2.20		1547		2.20		39.05
2023-10-16 02:51:07.309441	MPP		1557		1901.10		685.42		3.70		2.54		1557		2.54		39.06
2023-10-16 02:51:07.563294	MPP		1557		1901.10		685.22		3.69		2.53		1557		2.53		39.06
2023-10-16 02:51:07.817254	MPP		1557		1901.10		684.82		3.70		2.53		1557		2.53		39.05
2023-10-16 02:51:08.067171	MPP		1557		1901.10		685.42		3.70		2.53		1557		2.53		39.04
2023-10-16 02:51:08.321078	MPP		1557		1901.10		684.89		3.69		2.53		1557		2.53		39.04
2023-10-16 02:51:08.574997	MPP		1557		1901.10		684.88		3.69		2.53		1557		2.53		39.05
2023-10-16 02:51:08.829026	MPP		1557		1901.10		684.95		3.70		2.53		1557		2.53		39.06
2023-10-16 02:51:09.082940	MPP		1557		1901.10		684.95		3.70		2.54		1557		2.54		39.06
2023-10-16 02:51:09.336858	MPP		1557		1901.10		684.82		3.70		2.53		1557		2.53		39.06
2023-10-16 02:51:09.590805	MPP		1557		1901.10		684.89		3.70		2.54		1557		2.54		39.04
2023-10-16 02:51:09.840677	MPP		1557		1901.10		685.02		3.69		2.53		1557		2.53		39.08
2023-10-16 02:51:10.094550	MPP		1567		1913.31		661.43		4.38		2.89		1567		2.89		39.05
2023-10-16 02:51:10.348473	MPP		1567		1913.31		661.10		4.37		2.89		1567		2.89		39.03
2023-10-16 02:51:10.602417	MPP		1567		1913.31		660.97		4.38		2.89		1567		2.89		39.06
2023-10-16 02:51:10.856349	MPP		1567		1913.31		660.83		4.37		2.89		1567		2.89		39.05
2023-10-16 02:51:11.110286	MPP		1567		1913.31		660.77		4.37		2.89		1567		2.89		39.04
2023-10-16 02:51:11.364209	MPP		1567		1913.31		660.50		4.37		2.89		1567		2.89		39.06
2023-10-16 02:51:11.618179	MPP		1567		1913.31		660.10		4.36		2.88		1567		2.88		39.07
2023-10-16 02:51:11.872203	MPP		1567		1913.31		659.56		4.37		2.88		1567		2.88		39.05
2023-10-16 02:51:12.122021	MPP		1567		1913.31		659.30		4.36		2.87		1567		2.87		39.05
2023-10-16 02:51:12.375971	MPP		1567		1913.31		658.63		4.38		2.89		1567		2.89		39.05
2023-10-16 02:51:12.629892	MPP		1567		1913.31		658.96		4.37		2.88		1567		2.88		39.07
2023-10-16 02:51:12.883805	MPP		1557		1901.10		680.88		3.70		2.52		1557		2.52		39.06
2023-10-16 02:51:13.137717	MPP		1557		1901.10		681.42		3.69		2.52		1557		2.52		39.06
2023-10-16 02:51:13.391629	MPP		1557		1901.10		681.29		3.69		2.52		1557		2.52		39.05
2023-10-16 02:51:13.645629	MPP		1557		1901.10		681.22		3.70		2.52		1557		2.52		39.06
2023-10-16 02:51:13.895467	MPP		1557		1901.10		681.75		3.69		2.51		1557		2.51		39.05
2023-10-16 02:51:14.149404	MPP		1557		1901.10		681.29		3.70		2.52		1557		2.52		39.05
2023-10-16 02:51:14.403364	MPP		1557		1901.10		682.22		3.69		2.52		1557		2.52		39.09
2023-10-16 02:51:14.657316	MPP		1557		1901.10		681.82		3.70		2.52		1557		2.52		39.06
2023-10-16 02:51:14.911234	MPP		1557		1901.10		682.28		3.69		2.52		1557		2.52		39.03
2023-10-16 02:51:15.165145	MPP		1557		1901.10		681.82		3.70		2.52		1557		2.52		39.06
2023-10-16 02:51:15.419096	MPP		1557		1901.10		681.88		3.69		2.52		1557		2.52		39.08
2023-10-16 02:51:15.668978	MPP		1547		1888.89		701.55		3.13		2.19		1547		2.19		39.07
2023-10-16 02:51:15.922899	MPP		1547		1888.89		702.28		3.12		2.19		1547		2.19		39.06
2023-10-16 02:51:16.176795	MPP		1547		1888.89		702.75		3.13		2.20		1547		2.20		39.05
2023-10-16 02:51:16.430738	MPP		1547		1888.89		703.02		3.13		2.20		1547		2.20		39.06
2023-10-16 02:51:16.684684	MPP		1547		1888.89		704.08		3.11		2.19		1547		2.19		39.07
2023-10-16 02:51:16.938649	MPP		1547		1888.89		704.08		3.13		2.20		1547		2.20		39.07
2023-10-16 02:51:17.192569	MPP		1547		1888.89		704.22		3.11		2.19		1547		2.19		39.06
2023-10-16 02:51:17.446506	MPP		1547		1888.89		704.15		3.12		2.20		1547		2.20		39.04
2023-10-16 02:51:17.696427	MPP		1547		1888.89		704.62		3.11		2.19		1547		2.19		39.07
2023-10-16 02:51:17.950377	MPP		1547		1888.89		704.62		3.13		2.20		1547		2.20		39.06
2023-10-16 02:51:18.204303	MPP		1547		1888.89		704.75		3.13		2.20		1547		2.20		39.06
2023-10-16 02:51:18.458224	MPP		1557		1901.10		685.22		3.69		2.53		1557		2.53		39.05
2023-10-16 02:51:18.712111	MPP		1557		1901.10		684.95		3.70		2.54		1557		2.54		39.04
2023-10-16 02:51:18.966033	MPP		1557		1901.10		685.08		3.69		2.53		1557		2.53		39.05
2023-10-16 02:51:19.219944	MPP		1557		1901.10		684.88		3.70		2.53		1557		2.53		39.08
2023-10-16 02:51:19.473902	MPP		1557		1901.10		685.28		3.68		2.52		1557		2.52		39.05
2023-10-16 02:51:19.723853	MPP		1557		1901.10		684.89		3.70		2.53		1557		2.53		39.06
2023-10-16 02:51:19.977735	MPP		1557		1901.10		685.02		3.70		2.53		1557		2.53		39.07
2023-10-16 02:51:20.231719	MPP		1557		1901.10		684.82		3.70		2.53		1557		2.53		39.05
2023-10-16 02:51:20.485669	MPP		1557		1901.10		684.88		3.69		2.53		1557		2.53		39.04
2023-10-16 02:51:20.739588	MPP		1557		1901.10		684.88		3.68		2.52		1557		2.52		39.06
2023-10-16 02:51:20.993458	MPP		1557		1901.10		684.82		3.69		2.53		1557		2.53		39.06
2023-10-16 02:51:21.247365	MPP		1547		1888.89		704.08		3.12		2.19		1547		2.19		39.04
2023-10-16 02:51:21.501336	MPP		1547		1888.89		704.62		3.13		2.20		1547		2.20		39.06
2023-10-16 02:51:21.751257	MPP		1547		1888.89		705.15		3.11		2.19		1547		2.19		39.06
2023-10-16 02:51:22.005145	MPP		1547		1888.89		704.68		3.12		2.20		1547		2.20		39.06
2023-10-16 02:51:22.259058	MPP		1547		1888.89		704.95		3.13		2.21		1547		2.21		39.07
2023-10-16 02:51:22.513089	MPP		1547		1888.89		705.02		3.13		2.20		1547		2.20		39.04
2023-10-16 02:51:22.767008	MPP		1547		1888.89		705.35		3.13		2.20		1547		2.20		39.05
2023-10-16 02:51:23.020961	MPP		1547		1888.89		705.95		3.12		2.20		1547		2.20		39.05
2023-10-16 02:51:23.274869	MPP		1547		1888.89		705.95		3.13		2.21		1547		2.21		39.05
2023-10-16 02:51:23.528742	MPP		1547		1888.89		706.42		3.12		2.20		1547		2.20		39.04
2023-10-16 02:51:23.778695	MPP		1547		1888.89		706.42		3.13		2.21		1547		2.21		39.04
2023-10-16 02:51:24.032570	MPP		1557		1901.10		688.15		3.69		2.54		1557		2.54		39.06
2023-10-16 02:51:24.286507	MPP		1557		1901.10		686.29		3.70		2.54		1557		2.54		39.05
2023-10-16 02:51:24.540433	MPP		1557		1901.10		686.28		3.69		2.53		1557		2.53		39.05
2023-10-16 02:51:24.794336	MPP		1557		1901.10		686.75		3.69		2.53		1557		2.53		39.06
2023-10-16 02:51:25.048283	MPP		1557		1901.10		685.55		3.70		2.54		1557		2.54		39.06
2023-10-16 02:51:25.302302	MPP		1557		1901.10		686.48		3.68		2.53		1557		2.53		39.04
2023-10-16 02:51:25.556218	MPP		1557		1901.10		685.75		3.69		2.53		1557		2.53		39.06
2023-10-16 02:51:25.806119	MPP		1557		1901.10		686.42		3.69		2.53		1557		2.53		39.06
2023-10-16 02:51:26.060009	MPP		1557		1901.10		685.75		3.69		2.53		1557		2.53		39.05
2023-10-16 02:51:26.313929	MPP		1557		1901.10		686.15		3.69		2.53		1557		2.53		39.06
2023-10-16 02:51:26.568062	MPP		1557		1901.10		685.95		3.70		2.54		1557		2.54		39.04
2023-10-16 02:51:26.821747	MPP		1567		1913.31		664.10		4.37		2.90		1567		2.90		39.04
2023-10-16 02:51:27.075697	MPP		1567		1913.31		663.03		4.36		2.89		1567		2.89		39.06
2023-10-16 02:51:27.329621	MPP		1567		1913.31		662.10		4.37		2.89		1567		2.89		39.05
2023-10-16 02:51:27.583561	MPP		1567		1913.31		662.10		4.37		2.89		1567		2.89		39.05
2023-10-16 02:51:27.833436	MPP		1567		1913.31		661.37		4.37		2.89		1567		2.89		39.04
2023-10-16 02:51:28.087472	MPP		1567		1913.31		661.17		4.37		2.89		1567		2.89		39.03
2023-10-16 02:51:28.341388	MPP		1567		1913.31		660.96		4.37		2.89		1567		2.89		39.08
2023-10-16 02:51:28.595367	MPP		1567		1913.31		661.03		4.37		2.89		1567		2.89		39.05
2023-10-16 02:51:28.849259	MPP		1567		1913.31		660.96		4.36		2.88		1567		2.88		39.07
2023-10-16 02:51:29.103205	MPP		1567		1913.31		660.83		4.37		2.89		1567		2.89		39.06
2023-10-16 02:51:29.357075	MPP		1567		1913.31		660.90		4.37		2.89		1567		2.89		39.07
2023-10-16 02:51:29.610982	MPP		1557		1901.10		682.15		3.70		2.52		1557		2.52		39.06
2023-10-16 02:51:29.860874	MPP		1557		1901.10		683.75		3.68		2.52		1557		2.52		39.05
2023-10-16 02:51:30.114866	MPP		1557		1901.10		683.62		3.70		2.53		1557		2.53		39.05
2023-10-16 02:51:30.368745	MPP		1557		1901.10		684.15		3.69		2.52		1557		2.52		39.05
2023-10-16 02:51:30.622652	MPP		1557		1901.10		683.69		3.69		2.52		1557		2.52		39.05
2023-10-16 02:51:30.876678	MPP		1557		1901.10		683.75		3.69		2.52		1557		2.52		39.06
2023-10-16 02:51:31.130537	MPP		1557		1901.10		683.55		3.70		2.53		1557		2.53		39.08
2023-10-16 02:51:31.384542	MPP		1557		1901.10		684.48		3.70		2.53		1557		2.53		39.05
2023-10-16 02:51:31.634383	MPP		1557		1901.10		684.42		3.69		2.53		1557		2.53		39.06
2023-10-16 02:51:31.888361	MPP		1557		1901.10		684.15		3.70		2.53		1557		2.53		39.06
2023-10-16 02:51:32.142215	MPP		1557		1901.10		684.42		3.68		2.52		1557		2.52		39.04
2023-10-16 02:51:32.396149	MPP		1547		1888.89		703.08		3.13		2.20		1547		2.20		39.05
2023-10-16 02:51:32.650067	MPP		1547		1888.89		703.81		3.11		2.19		1547		2.19		39.06
2023-10-16 02:51:32.904020	MPP		1547		1888.89		704.28		3.13		2.21		1547		2.21		39.05
2023-10-16 02:51:33.157950	MPP		1547		1888.89		704.68		3.12		2.20		1547		2.20		39.05
2023-10-16 02:51:33.411897	MPP		1547		1888.89		704.68		3.13		2.21		1547		2.21		39.06
2023-10-16 02:51:33.661840	MPP		1547		1888.89		704.82		3.13		2.20		1547		2.20		39.06
2023-10-16 02:51:33.915792	MPP		1547		1888.89		704.82		3.13		2.21		1547		2.21		39.03
2023-10-16 02:51:34.169713	MPP		1547		1888.89		704.88		3.12		2.20		1547		2.20		39.06
2023-10-16 02:51:34.423659	MPP		1547		1888.89		705.62		3.12		2.20		1547		2.20		39.07
2023-10-16 02:51:34.677533	MPP		1547		1888.89		705.02		3.13		2.20		1547		2.20		39.06
2023-10-16 02:51:34.931448	MPP		1547		1888.89		705.88		3.11		2.20		1547		2.20		39.08
2023-10-16 02:51:35.185361	MPP		1557		1901.10		686.42		3.70		2.54		1557		2.54		39.07
2023-10-16 02:51:35.439315	MPP		1557		1901.10		685.75		3.70		2.54		1557		2.54		39.05
2023-10-16 02:51:35.689194	MPP		1557		1901.10		685.55		3.70		2.53		1557		2.53		39.05
2023-10-16 02:51:35.943135	MPP		1557		1901.10		685.22		3.71		2.54		1557		2.54		39.07
2023-10-16 02:51:36.197049	MPP		1557		1901.10		685.62		3.69		2.53		1557		2.53		39.04
2023-10-16 02:51:36.451082	MPP		1557		1901.10		685.35		3.69		2.53		1557		2.53		39.08
2023-10-16 02:51:36.704942	MPP		1557		1901.10		685.62		3.69		2.53		1557		2.53		39.06
2023-10-16 02:51:36.958945	MPP		1557		1901.10		684.89		3.71		2.54		1557		2.54		39.06
2023-10-16 02:51:37.212866	MPP		1557		1901.10		685.62		3.69		2.53		1557		2.53		39.05
2023-10-16 02:51:37.462761	MPP		1557		1901.10		685.09		3.69		2.53		1557		2.53		39.05
2023-10-16 02:51:37.716664	MPP		1557		1901.10		685.09		3.71		2.54		1557		2.54		39.05
2023-10-16 02:51:37.970527	MPP		1547		1888.89		704.68		3.12		2.20		1547		2.20		39.05
2023-10-16 02:51:38.224507	MPP		1547		1888.89		705.02		3.13		2.21		1547		2.21		39.09
2023-10-16 02:51:38.478499	MPP		1547		1888.89		706.02		3.11		2.20		1547		2.20		39.06
2023-10-16 02:51:38.732352	MPP		1547		1888.89		705.49		3.12		2.20		1547		2.20		39.04
2023-10-16 02:51:38.986247	MPP		1547		1888.89		706.48		3.12		2.20		1547		2.20		39.05
2023-10-16 02:51:39.240291	MPP		1547		1888.89		706.48		3.13		2.21		1547		2.21		39.04
2023-10-16 02:51:39.490123	MPP		1547		1888.89		706.75		3.12		2.21		1547		2.21		39.06
2023-10-16 02:51:39.744077	MPP		1547		1888.89		706.89		3.14		2.22		1547		2.22		39.04
2023-10-16 02:51:39.997998	MPP		1547		1888.89		707.28		3.13		2.21		1547		2.21		39.06
2023-10-16 02:51:40.251944	MPP		1547		1888.89		707.75		3.13		2.21		1547		2.21		39.05
2023-10-16 02:51:40.505816	MPP		1547		1888.89		707.48		3.13		2.22		1547		2.22		39.08
2023-10-16 02:51:40.759767	MPP		1557		1901.10		688.82		3.69		2.54		1557		2.54		39.06
2023-10-16 02:51:41.013692	MPP		1557		1901.10		688.35		3.71		2.55		1557		2.55		39.05
2023-10-16 02:51:41.267633	MPP		1557		1901.10		688.42		3.70		2.55		1557		2.55		39.05
2023-10-16 02:51:41.517504	MPP		1557		1901.10		687.95		3.71		2.55		1557		2.55		39.06
2023-10-16 02:51:41.771454	MPP		1557		1901.10		687.75		3.70		2.54		1557		2.54		39.05
2023-10-16 02:51:42.025420	MPP		1557		1901.10		687.75		3.70		2.54		1557		2.54		39.06
2023-10-16 02:51:42.279454	MPP		1557		1901.10		687.49		3.70		2.54		1557		2.54		39.04
2023-10-16 02:51:42.533275	MPP		1557		1901.10		687.29		3.70		2.54		1557		2.54		39.07
2023-10-16 02:51:42.787242	MPP		1557		1901.10		687.42		3.71		2.55		1557		2.55		39.04
2023-10-16 02:51:43.041146	MPP		1557		1901.10		687.68		3.69		2.54		1557		2.54		39.05
2023-10-16 02:51:43.295093	MPP		1557		1901.10		686.95		3.71		2.55		1557		2.55		39.05
2023-10-16 02:51:43.544936	MPP		1567		1913.31		664.97		4.37		2.90		1567		2.90		39.03
2023-10-16 02:51:43.798878	MPP		1567		1913.31		664.03		4.39		2.92		1567		2.92		39.05
2023-10-16 02:51:44.052803	MPP		1567		1913.31		663.37		4.38		2.91		1567		2.91		39.05
2023-10-16 02:51:44.306770	MPP		1567		1913.31		662.50		4.37		2.90		1567		2.90		39.07
2023-10-16 02:51:44.560650	MPP		1567		1913.31		661.90		4.39		2.91		1567		2.91		39.05
2023-10-16 02:51:44.814672	MPP		1567		1913.31		661.90		4.37		2.90		1567		2.90		39.04
2023-10-16 02:51:45.068572	MPP		1567		1913.31		661.43		4.38		2.90		1567		2.90		39.07
2023-10-16 02:51:45.322499	MPP		1567		1913.31		661.37		4.38		2.90		1567		2.90		39.07
2023-10-16 02:51:45.572485	MPP		1567		1913.31		661.03		4.39		2.90		1567		2.90		39.06
2023-10-16 02:51:45.826345	MPP		1567		1913.31		660.97		4.37		2.89		1567		2.89		39.03
2023-10-16 02:51:46.080226	MPP		1567		1913.31		660.97		4.40		2.91		1567		2.91		39.04
2023-10-16 02:51:46.334141	MPP		1557		1901.10		683.89		3.70		2.53		1557		2.53		39.08
2023-10-16 02:51:46.588093	MPP		1557		1901.10		684.02		3.71		2.53		1557		2.53		39.06
2023-10-16 02:51:46.842022	MPP		1557		1901.10		684.42		3.69		2.53		1557		2.53		39.07
2023-10-16 02:51:47.095957	MPP		1557		1901.10		684.69		3.70		2.53		1557		2.53		39.05
2023-10-16 02:51:47.345831	MPP		1557		1901.10		684.55		3.71		2.54		1557		2.54		39.06
2023-10-16 02:51:47.599821	MPP		1557		1901.10		684.75		3.70		2.53		1557		2.53		39.05
2023-10-16 02:51:47.853773	MPP		1557		1901.10		684.89		3.71		2.54		1557		2.54		39.06
2023-10-16 02:51:48.107699	MPP		1557		1901.10		684.68		3.69		2.53		1557		2.53		39.05
2023-10-16 02:51:48.361640	MPP		1557		1901.10		684.49		3.70		2.53		1557		2.53		39.06
2023-10-16 02:51:48.615554	MPP		1557		1901.10		684.75		3.71		2.54		1557		2.54		39.04
2023-10-16 02:51:48.869505	MPP		1557		1901.10		684.82		3.70		2.54		1557		2.54		39.06
2023-10-16 02:51:49.119300	MPP		1547		1888.89		704.28		3.12		2.20		1547		2.20		39.05
2023-10-16 02:51:49.373234	MPP		1547		1888.89		704.75		3.14		2.21		1547		2.21		39.06
2023-10-16 02:51:49.627161	MPP		1547		1888.89		704.82		3.13		2.21		1547		2.21		39.08
2023-10-16 02:51:49.881118	MPP		1547		1888.89		704.82		3.12		2.20		1547		2.20		39.05
2023-10-16 02:51:50.135044	MPP		1547		1888.89		704.88		3.11		2.20		1547		2.20		39.08
2023-10-16 02:51:50.389050	MPP		1547		1888.89		705.42		3.11		2.20		1547		2.20		39.06
2023-10-16 02:51:50.642991	MPP		1547		1888.89		705.55		3.12		2.20		1547		2.20		39.07
2023-10-16 02:51:50.896891	MPP		1547		1888.89		705.48		3.13		2.21		1547		2.21		39.06
2023-10-16 02:51:51.150849	MPP		1547		1888.89		706.22		3.13		2.21		1547		2.21		39.07
2023-10-16 02:51:51.400728	MPP		1547		1888.89		706.42		3.13		2.21		1547		2.21		39.08
2023-10-16 02:51:51.654673	MPP		1547		1888.89		706.68		3.12		2.20		1547		2.20		39.06
2023-10-16 02:51:51.908543	MPP		1557		1901.10		688.02		3.70		2.54		1557		2.54		39.06
2023-10-16 02:51:52.162472	MPP		1557		1901.10		687.42		3.70		2.54		1557		2.54		39.08
2023-10-16 02:51:52.416439	MPP		1557		1901.10		686.69		3.70		2.54		1557		2.54		39.06
2023-10-16 02:51:52.670335	MPP		1557		1901.10		686.95		3.69		2.53		1557		2.53		39.06
2023-10-16 02:51:52.924246	MPP		1557		1901.10		686.49		3.70		2.54		1557		2.54		39.06
2023-10-16 02:51:53.178196	MPP		1557		1901.10		686.42		3.70		2.54		1557		2.54		39.06
2023-10-16 02:51:53.428099	MPP		1557		1901.10		686.15		3.70		2.54		1557		2.54		39.03
2023-10-16 02:51:53.682057	MPP		1557		1901.10		685.95		3.70		2.54		1557		2.54		39.05
2023-10-16 02:51:53.936018	MPP		1557		1901.10		686.62		3.70		2.54		1557		2.54		39.04
2023-10-16 02:51:54.189960	MPP		1557		1901.10		686.09		3.70		2.54		1557		2.54		39.04
2023-10-16 02:51:54.443884	MPP		1557		1901.10		686.22		3.69		2.54		1557		2.54		39.07
2023-10-16 02:51:54.697790	MPP		1547		1888.89		705.35		3.13		2.21		1547		2.21		39.02
2023-10-16 02:51:54.951702	MPP		1547		1888.89		706.48		3.12		2.21		1547		2.21		39.05
2023-10-16 02:51:55.201598	MPP		1547		1888.89		706.75		3.13		2.21		1547		2.21		39.08
2023-10-16 02:51:55.455577	MPP		1547		1888.89		706.82		3.13		2.21		1547		2.21		39.06
2023-10-16 02:51:55.709510	MPP		1547		1888.89		707.42		3.13		2.21		1547		2.21		39.06
2023-10-16 02:51:55.963445	MPP		1547		1888.89		707.42		3.13		2.22		1547		2.22		39.07
2023-10-16 02:51:56.217360	MPP		1547		1888.89		708.35		3.11		2.21		1547		2.21		39.07
2023-10-16 02:51:56.471306	MPP		1547		1888.89		708.02		3.13		2.22		1547		2.22		39.06
2023-10-16 02:51:56.725184	MPP		1547		1888.89		708.28		3.11		2.20		1547		2.20		39.06
2023-10-16 02:51:56.979092	MPP		1547		1888.89		708.28		3.13		2.22		1547		2.22		39.05
2023-10-16 02:51:57.229070	MPP		1547		1888.89		708.62		3.12		2.21		1547		2.21		39.07
2023-10-16 02:51:57.482998	MPP		1557		1901.10		688.89		3.71		2.55		1557		2.55		39.06
2023-10-16 02:51:57.736878	MPP		1557		1901.10		688.82		3.71		2.55		1557		2.55		39.06
2023-10-16 02:51:57.990865	MPP		1557		1901.10		688.82		3.70		2.55		1557		2.55		39.05
2023-10-16 02:51:58.244784	MPP		1557		1901.10		688.69		3.70		2.55		1557		2.55		39.04
2023-10-16 02:51:58.498734	MPP		1557		1901.10		688.62		3.69		2.54		1557		2.54		39.05
2023-10-16 02:51:58.752647	MPP		1557		1901.10		688.69		3.70		2.55		1557		2.55		39.06
2023-10-16 02:51:59.006596	MPP		1557		1901.10		688.68		3.69		2.54		1557		2.54		39.05
2023-10-16 02:51:59.256474	MPP		1557		1901.10		688.42		3.70		2.55		1557		2.55		39.05
2023-10-16 02:51:59.510359	MPP		1557		1901.10		688.42		3.69		2.54		1557		2.54		39.06
2023-10-16 02:51:59.764284	MPP		1557		1901.10		688.29		3.70		2.54		1557		2.54		39.06
